{"type":"FeatureCollection","features":[{"type":"Feature","properties":{},"geometry":{"type":"Polygon","coordinates":[[[-152.8908203125,57.768994140625],[-152.850146484375,57.775683593749996],[-152.696240234375,57.832275390625],[-152.616015625,57.848876953125],[-152.511572265625,57.85146484375],[-152.428759765625,57.82568359375],[-152.4119140625,57.805908203125],[-152.419140625,57.78232421875],[-152.485400390625,57.734423828124996],[-152.4826171875,57.7033203125],[-152.411474609375,57.64609375],[-152.2365234375,57.614892578125],[-152.215283203125,57.597705078124996],[-152.2162109375,57.577001953125],[-152.336669921875,57.482226562499996],[-152.380859375,57.460107421875],[-152.41220703125,57.45478515625],[-152.63095703125,57.471826171875],[-152.83115234375,57.502880859375],[-152.912158203125,57.508154296875],[-152.940771484375,57.498095703124996],[-152.9974609375,57.4689453125],[-152.9568359375,57.4603515625],[-152.78134765625,57.453417968749996],[-152.71953125,57.41083984375],[-152.692529296875,57.37958984375],[-152.679052734375,57.3451171875],[-152.7140625,57.33095703125],[-152.789111328125,57.320654296875],[-152.879052734375,57.32080078125],[-152.990283203125,57.281982421875],[-153.051611328125,57.237646484375],[-153.274365234375,57.226367187499996],[-153.443701171875,57.1671875],[-153.503564453125,57.137988281249996],[-153.5244140625,57.103076171874996],[-153.58828125,57.077685546874996],[-153.732568359375,57.05234375],[-153.646533203125,57.029589843749996],[-153.633056640625,57.0103515625],[-153.6314453125,56.983691406249996],[-153.643310546875,56.960742187499996],[-153.7572265625,56.858349609375],[-153.972705078125,56.774218749999996],[-154.02734375,56.777978515625],[-154.05078125,56.7884765625],[-154.07001953125,56.804541015625],[-154.070849609375,56.820654296875],[-153.793212890625,56.989501953125],[-153.80419921875,56.997802734375],[-153.879736328125,57.003515625],[-153.999365234375,57.049951171875],[-154.0837890625,57.020068359374996],[-154.102978515625,57.021240234375],[-154.08046875,57.06103515625],[-154.025439453125,57.10849609375],[-154.03505859375,57.121826171875],[-154.06533203125,57.13369140625],[-154.13486328125,57.140771484375],[-154.24375,57.143017578125],[-154.3244140625,57.131787109375],[-154.376806640625,57.10703125],[-154.381103515625,57.096533203125],[-154.26953125,57.099462890625],[-154.239208984375,57.086865234375],[-154.209130859375,57.063330078125],[-154.1908203125,57.0361328125],[-154.184326171875,57.005322265625],[-154.20771484375,56.963818359375],[-154.2609375,56.911767578125],[-154.33896484375,56.9208984375],[-154.498779296875,57.036572265625],[-154.5693359375,57.205908203125],[-154.70595703125,57.3353515625],[-154.71220703125,57.366259765624996],[-154.673193359375,57.446093749999996],[-154.535302734375,57.559423828125],[-154.387060546875,57.590478515625],[-154.2814453125,57.6380859375],[-154.179345703125,57.65244140625],[-154.116162109375,57.651220703125],[-154.029833984375,57.630712890625],[-153.99501953125,57.5873046875],[-154.015869140625,57.56689453125],[-154.00791015625,57.55615234375],[-153.94736328125,57.530078124999996],[-153.881884765625,57.439013671874996],[-153.805419921875,57.358203124999996],[-153.75458984375,57.325341796875],[-153.6876953125,57.305126953125],[-153.75693359375,57.366845703125],[-153.797802734375,57.44326171875],[-153.818359375,57.59560546875],[-153.838134765625,57.63583984375],[-153.799462890625,57.6466796875],[-153.69013671875,57.64072265625],[-153.6931640625,57.663427734375],[-153.80849609375,57.71474609375],[-153.879443359375,57.757177734375],[-153.906103515625,57.790771484375],[-153.904443359375,57.819873046874996],[-153.841552734375,57.862841796874996],[-153.805810546875,57.87509765625],[-153.768994140625,57.88037109375],[-153.69560546875,57.871240234375],[-153.662646484375,57.8578125],[-153.5685546875,57.761083984375],[-153.524462890625,57.731005859374996],[-153.487939453125,57.73095703125],[-153.454052734375,57.747021484375],[-153.422705078125,57.779150390625],[-153.3904296875,57.798388671874996],[-153.35712890625,57.8046875],[-153.252392578125,57.790478515625],[-153.21748046875,57.795751953125],[-153.20029296875,57.82001953125],[-153.201025390625,57.86328125],[-153.1751953125,57.878857421875],[-153.16884765625,57.91064453125],[-153.225927734375,57.9576171875],[-153.16044921875,57.971972656249996],[-152.94326171875,57.93603515625],[-152.850390625,57.896777343749996],[-152.898046875,57.82392578125],[-152.8908203125,57.768994140625]]]}},{"type":"Feature","properties":{},"geometry":{"type":"Polygon","coordinates":[[[-152.38076171875,58.352099609375],[-152.343017578125,58.41162109375],[-152.316259765625,58.413476562499994],[-152.19794921875,58.3630859375],[-152.125244140625,58.374267578125],[-152.078515625,58.312353515625],[-152.03662109375,58.306689453125],[-151.99775390625,58.314208984375],[-151.974365234375,58.30986328125],[-151.98251953125,58.2443359375],[-152.068896484375,58.1779296875],[-152.10908203125,58.1611328125],[-152.165478515625,58.178271484375],[-152.1865234375,58.18466796875],[-152.223583984375,58.214013671874994],[-152.25166015625,58.251123046874994],[-152.268359375,58.251708984375],[-152.334375,58.208056640625],[-152.332666015625,58.1865234375],[-152.305224609375,58.154052734375],[-152.309228515625,58.13388671875],[-152.38115234375,58.124267578125],[-152.451611328125,58.129248046875],[-152.537646484375,58.100976562499994],[-152.558203125,58.118603515625],[-152.571337890625,58.168212890625],[-152.5982421875,58.16259765625],[-152.63876953125,58.101806640625],[-152.683056640625,58.063330078125],[-152.7638671875,58.031396484374994],[-152.78154296875,58.01591796875],[-152.84072265625,58.013818359374994],[-152.92841796875,57.993701171874996],[-152.982568359375,57.9970703125],[-153.30546875,58.0630859375],[-153.38134765625,58.08720703125],[-153.1158203125,58.238525390625],[-152.976123046875,58.297021484374994],[-152.895361328125,58.293847656249994],[-152.81455078125,58.275634765625],[-152.771875,58.278564453125],[-152.768701171875,58.345605468749994],[-152.8439453125,58.39560546875],[-152.84111328125,58.416406249999994],[-152.674658203125,58.450585937499994],[-152.6123046875,58.445703124999994],[-152.5435546875,58.428173828125],[-152.478466796875,58.39970703125],[-152.416943359375,58.360205078125],[-152.38076171875,58.352099609375]]]}},{"type":"Feature","properties":{},"geometry":{"type":"Polygon","coordinates":[[[-131.013916015625,55.379296875],[-131.082763671875,55.266796875],[-131.187890625,55.206298828125],[-131.261865234375,55.219775390624996],[-131.31630859375,55.268505859375],[-131.366845703125,55.2658203125],[-131.420703125,55.27587890625],[-131.450927734375,55.31630859375],[-131.42236328125,55.368408203125],[-131.44755859375,55.4087890625],[-131.47451171875,55.373486328125],[-131.521826171875,55.341064453125],[-131.64130859375,55.29892578125],[-131.723681640625,55.218359375],[-131.7625,55.165820312499996],[-131.810986328125,55.223095703125],[-131.8419921875,55.358691406249996],[-131.84609375,55.416259765625],[-131.75947265625,55.503076171875],[-131.64755859375,55.585546875],[-131.624951171875,55.831689453125],[-131.26923828125,55.955371093749996],[-131.236181640625,55.948974609375],[-131.120654296875,55.856640625],[-130.997802734375,55.72763671875],[-130.965966796875,55.66953125],[-130.9650390625,55.568017578125],[-130.979150390625,55.48916015625],[-131.013916015625,55.379296875]]]}},{"type":"Feature","properties":{},"geometry":{"type":"Polygon","coordinates":[[[-133.376611328125,56.3177734375],[-133.202978515625,56.31982421875],[-133.143701171875,56.278564453125],[-133.1044921875,56.235107421875],[-133.08173828125,56.194189453125],[-133.075439453125,56.155859375],[-133.080126953125,56.128710937499996],[-133.101220703125,56.0998046875],[-133.096630859375,56.0900390625],[-132.757568359375,55.99501953125],[-132.597607421875,55.89501953125],[-132.5337890625,55.84248046875],[-132.49697265625,55.798095703125],[-132.43017578125,55.68701171875],[-132.2888671875,55.55810546875],[-132.21474609375,55.518847656249996],[-132.172705078125,55.480615234375],[-132.196337890625,55.479150390625],[-132.2958984375,55.507470703125],[-132.511279296875,55.5939453125],[-132.528857421875,55.590478515625],[-132.54833984375,55.543701171875],[-132.58173828125,55.50263671875],[-132.631298828125,55.473193359374996],[-132.5916015625,55.46435546875],[-132.41787109375,55.48291015625],[-132.272021484375,55.3986328125],[-132.215283203125,55.383544921875],[-132.16025390625,55.322998046875],[-132.1583984375,55.2998046875],[-132.1904296875,55.25498046875],[-132.214892578125,55.236767578125],[-132.206689453125,55.224414062499996],[-132.165966796875,55.218017578125],[-132.005078125,55.230615234375],[-131.976416015625,55.20859375],[-132.000390625,55.033837890625],[-131.977587890625,54.969482421875],[-131.9779296875,54.940234374999996],[-131.99658203125,54.901416015624996],[-131.997216796875,54.868603515625],[-131.98271484375,54.834912109375],[-131.980859375,54.804833984375],[-132.0216796875,54.726318359375],[-132.06474609375,54.713134765625],[-132.134326171875,54.712548828125],[-132.1892578125,54.73486328125],[-132.26630859375,54.80234375],[-132.34130859375,54.9072265625],[-132.37021484375,54.922216796875],[-132.46865234375,54.937939453125],[-132.486474609375,54.950390625],[-132.549365234375,54.952587890625],[-132.59384765625,54.995751953125],[-132.5884765625,55.05234375],[-132.626953125,55.11005859375],[-132.62216796875,55.1359375],[-132.66533203125,55.146777343749996],[-132.7017578125,55.130517578125],[-132.682861328125,55.07392578125],[-132.704150390625,55.030078124999996],[-132.78232421875,55.048486328125],[-132.91259765625,55.1884765625],[-133.060595703125,55.300927734375],[-133.1185546875,55.32763671875],[-133.10302734375,55.36025390625],[-133.030029296875,55.3775390625],[-132.97080078125,55.376171875],[-132.95888671875,55.395556640624996],[-133.082470703125,55.5041015625],[-133.07841796875,55.534912109375],[-133.0333984375,55.589697265625],[-133.0896484375,55.612597656249996],[-133.24375,55.59541015625],[-133.2982421875,55.606884765625],[-133.342822265625,55.650830078125],[-133.368994140625,55.68896484375],[-133.502734375,55.6958984375],[-133.553271484375,55.691162109375],[-133.640478515625,55.748779296875],[-133.68017578125,55.78515625],[-133.664404296875,55.80380859375],[-133.58408203125,55.8365234375],[-133.537158203125,55.83193359375],[-133.44697265625,55.797021484375],[-133.41171875,55.79833984375],[-133.322119140625,55.84462890625],[-133.30849609375,55.886474609375],[-133.24150390625,55.92080078125],[-133.2521484375,55.957080078124996],[-133.289208984375,56.018701171875],[-133.371240234375,56.035888671875],[-133.538623046875,55.999267578125],[-133.684228515625,55.9427734375],[-133.742529296875,55.96484375],[-133.75517578125,55.999462890625],[-133.59921875,56.09365234375],[-133.530859375,56.145654296875],[-133.544091796875,56.176513671875],[-133.59443359375,56.216357421874996],[-133.5986328125,56.316259765625],[-133.56611328125,56.339208984375],[-133.376611328125,56.3177734375]]]}},{"type":"Feature","properties":{},"geometry":{"type":"Polygon","coordinates":[[[-133.29970703125,56.97216796875],[-133.263525390625,57.00498046875],[-133.19599609375,57.003466796874996],[-133.07080078125,56.974267578125],[-132.996240234375,56.930419921875],[-132.954150390625,56.8802734375],[-132.9505859375,56.850439453125],[-132.963330078125,56.782568359375],[-132.95400390625,56.7130859375],[-132.9591796875,56.677050781249996],[-132.97587890625,56.647265624999996],[-133.0041015625,56.62373046875],[-133.034912109375,56.620751953125],[-133.132373046875,56.683251953125],[-133.243994140625,56.795849609375],[-133.328955078125,56.830078125],[-133.332421875,56.818505859375],[-133.30908203125,56.78623046875],[-133.239697265625,56.72568359375],[-133.22724609375,56.689257812499996],[-133.178466796875,56.644824218749996],[-133.156640625,56.611132812499996],[-133.14423828125,56.56689453125],[-133.1447265625,56.52822265625],[-133.158154296875,56.495166015624996],[-133.180810546875,56.473974609375],[-133.212646484375,56.464599609375],[-133.382763671875,56.473876953125],[-133.4841796875,56.4517578125],[-133.602783203125,56.464111328125],[-133.63134765625,56.484033203125],[-133.649267578125,56.516796875],[-133.65830078125,56.5962890625],[-133.68818359375,56.710009765624996],[-133.68095703125,56.797509765625],[-133.75751953125,56.87666015625],[-133.823046875,56.924365234374996],[-133.91728515625,56.967089843749996],[-133.979443359375,57.009570312499996],[-133.962353515625,57.04345703125],[-133.865966796875,57.068701171875],[-133.70771484375,57.062841796875],[-133.3662109375,57.003515625],[-133.29970703125,56.97216796875]]]}},{"type":"Feature","properties":{},"geometry":{"type":"Polygon","coordinates":[[[-134.88486328125,57.24169921875],[-134.823193359375,57.156542968749996],[-134.768505859375,57.05419921875],[-134.67685546875,56.84228515625],[-134.63408203125,56.762109375],[-134.620703125,56.718310546874996],[-134.610546875,56.60341796875],[-134.62431640625,56.5787109375],[-134.651708984375,56.5560546875],[-134.657080078125,56.523242187499996],[-134.631689453125,56.43564453125],[-134.630029296875,56.30244140625],[-134.65400390625,56.227490234375],[-134.681884765625,56.216162109375],[-134.75029296875,56.240771484374996],[-134.8064453125,56.28125],[-134.847998046875,56.323486328125],[-134.950146484375,56.456835937499996],[-134.98056640625,56.5189453125],[-134.982421875,56.563623046875],[-134.966650390625,56.596142578125],[-134.933203125,56.616357421875],[-134.87509765625,56.670458984374996],[-134.883447265625,56.679052734375],[-134.927587890625,56.6669921875],[-135.017822265625,56.66015625],[-135.09716796875,56.70283203125],[-135.159033203125,56.725390624999996],[-135.14658203125,56.80234375],[-135.163134765625,56.82412109375],[-135.284814453125,56.800341796874996],[-135.330615234375,56.821875],[-135.340625,56.85078125],[-135.33837890625,56.893994140625],[-135.31513671875,56.9318359375],[-135.199609375,57.02734375],[-135.21123046875,57.044921875],[-135.2673828125,57.048876953124996],[-135.341357421875,57.081591796874996],[-135.37529296875,57.188427734375],[-135.454931640625,57.2494140625],[-135.501953125,57.24384765625],[-135.608935546875,57.071435546875],[-135.661865234375,57.033740234374996],[-135.8123046875,57.009521484375],[-135.781640625,57.05751953125],[-135.767724609375,57.100390624999996],[-135.821142578125,57.230419921875],[-135.82275390625,57.280419921875],[-135.787109375,57.31728515625],[-135.680908203125,57.332568359374996],[-135.62451171875,57.35439453125],[-135.58056640625,57.389990234375],[-135.56962890625,57.42470703125],[-135.4873046875,57.51650390625],[-135.448681640625,57.534375],[-135.3462890625,57.53310546875],[-135.1306640625,57.431640625],[-135.065234375,57.41669921875],[-134.969775390625,57.351416015625],[-134.88486328125,57.24169921875]]]}},{"type":"Feature","properties":{},"geometry":{"type":"Polygon","coordinates":[[[-134.426123046875,58.138818359374994],[-134.240087890625,58.143994140625],[-134.070166015625,57.99453125],[-133.96552734375,57.873779296875],[-133.9041015625,57.789208984375],[-133.869287109375,57.70751953125],[-133.82275390625,57.628662109375],[-133.826904296875,57.617578125],[-133.925,57.67080078125],[-133.995556640625,57.778466796875],[-134.031640625,57.820605468749996],[-134.067236328125,57.839599609375],[-134.104736328125,57.879345703125],[-134.1775390625,57.982177734375],[-134.1802734375,58.011132812499994],[-134.21259765625,58.037939453125],[-134.249951171875,58.049169921875],[-134.292333984375,58.0447265625],[-134.306884765625,58.034375],[-134.300390625,57.963427734374996],[-134.26708984375,57.884521484375],[-134.08369140625,57.712255859375],[-133.9611328125,57.61416015625],[-133.93701171875,57.581591796874996],[-133.920849609375,57.491992187499996],[-133.97373046875,57.4513671875],[-133.908837890625,57.368701171874996],[-133.9111328125,57.3525390625],[-133.92529296875,57.336767578125],[-134.100048828125,57.300097656249996],[-134.26015625,57.146777343749996],[-134.435302734375,57.056982421875],[-134.516015625,57.042578125],[-134.55478515625,57.057568359375],[-134.59150390625,57.0919921875],[-134.6130859375,57.137939453125],[-134.61953125,57.1955078125],[-134.57587890625,57.231738281249996],[-134.489208984375,57.420166015625],[-134.486767578125,57.48203125],[-134.59482421875,57.567822265625],[-134.65986328125,57.6380859375],[-134.6951171875,57.73603515625],[-134.7541015625,57.99501953125],[-134.781494140625,58.07783203125],[-134.8201171875,58.146874999999994],[-134.869970703125,58.202099609375],[-134.907666015625,58.26279296875],[-134.93310546875,58.328955078125],[-134.923486328125,58.354638671874994],[-134.836962890625,58.320166015625],[-134.733203125,58.224999999999994],[-134.6802734375,58.161669921875],[-134.426123046875,58.138818359374994]]]}},{"type":"Feature","properties":{},"geometry":{"type":"Polygon","coordinates":[[[-135.5875,58.14677734375],[-135.586279296875,58.124414062499994],[-135.615380859375,58.057470703125],[-135.693115234375,58.038525390625],[-135.671142578125,58.0119140625],[-135.613232421875,57.991845703125],[-135.572021484375,58.008544921875],[-135.42119140625,58.102392578125],[-135.37470703125,58.122119140625],[-135.346630859375,58.12412109375],[-135.162841796875,58.095849609374994],[-135.002099609375,58.05107421875],[-134.9546875,58.01533203125],[-134.927978515625,57.952783203125],[-134.970654296875,57.817236328125],[-135.102587890625,57.79365234375],[-135.16474609375,57.79609375],[-135.231201171875,57.8158203125],[-135.3384765625,57.76865234375],[-135.249560546875,57.732568359375],[-134.978857421875,57.724365234375],[-134.896630859375,57.647998046874996],[-134.873095703125,57.589208984375],[-134.931494140625,57.48115234375],[-135.08486328125,57.511035156249996],[-135.22021484375,57.5736328125],[-135.4978515625,57.662255859375],[-135.564208984375,57.66640625],[-135.608544921875,57.650732421875],[-135.620654296875,57.596972656249996],[-135.617822265625,57.48037109375],[-135.691943359375,57.419921875],[-135.910791015625,57.446582031249996],[-135.9966796875,57.53486328125],[-136.076611328125,57.674560546875],[-136.37822265625,57.839990234375],[-136.459912109375,57.873095703124996],[-136.568603515625,57.97216796875],[-136.52509765625,58.0505859375],[-136.5123046875,58.09599609375],[-136.45439453125,58.1080078125],[-136.36953125,58.14306640625],[-136.32197265625,58.218896484374994],[-136.245703125,58.157470703125],[-136.14375,58.098486328125],[-136.142333984375,58.15390625],[-136.094384765625,58.198144531249994],[-135.994384765625,58.196533203125],[-135.947412109375,58.205810546875],[-135.88173828125,58.24716796875],[-135.787060546875,58.268505859375],[-135.73037109375,58.24423828125],[-135.5875,58.14677734375]]]}},{"type":"Feature","properties":{},"geometry":{"type":"Polygon","coordinates":[[[-128.50654296875,52.620703125],[-128.509912109375,52.518603515624996],[-128.576806640625,52.451806640625],[-128.6240234375,52.339892578124996],[-128.678955078125,52.2896484375],[-128.730908203125,52.35654296875],[-128.735546875,52.467724609375],[-128.7494140625,52.5560546875],[-128.766455078125,52.598388671875],[-128.746337890625,52.76337890625],[-128.76962890625,52.751220703125],[-128.831201171875,52.67880859375],[-128.8998046875,52.673828125],[-129.0228515625,52.75595703125],[-129.084716796875,52.8224609375],[-129.094873046875,52.891845703125],[-129.175927734375,52.96494140625],[-129.184326171875,52.990673828125],[-129.177685546875,53.017919921875],[-129.111083984375,53.090673828125],[-129.08408203125,53.139697265624996],[-129.0603515625,53.240625],[-129.033251953125,53.279931640625],[-128.97021484375,53.274365234375],[-128.85771484375,53.228564453124996],[-128.740380859375,53.178857421875],[-128.632666015625,53.1125],[-128.55244140625,52.939746093749996],[-128.50654296875,52.620703125]]]}},{"type":"Feature","properties":{},"geometry":{"type":"Polygon","coordinates":[[[-132.5640625,54.068652343749996],[-132.34443359375,54.1060546875],[-132.303369140625,54.098876953125],[-132.26162109375,54.076318359375],[-132.21591796875,54.02841796875],[-132.16611328125,53.955224609375],[-132.155126953125,53.8751953125],[-132.17509765625,53.846533203125],[-132.214501953125,53.814746093749996],[-132.564892578125,53.687646484375],[-132.57412109375,53.675390625],[-132.567138671875,53.66396484375],[-132.53466796875,53.651708984375],[-132.464404296875,53.6533203125],[-132.186962890625,53.684814453125],[-132.1716796875,53.706835937499996],[-132.15224609375,53.806982421875],[-132.114013671875,53.860156249999996],[-132.110595703125,53.90029296875],[-132.135888671875,53.995849609375],[-132.134423828125,54.03427734375],[-131.9408203125,54.0419921875],[-131.81962890625,54.07734375],[-131.695947265625,54.1431640625],[-131.667626953125,54.141357421875],[-131.685400390625,54.022802734375],[-131.7025390625,53.986376953124996],[-131.821142578125,53.84150390625],[-131.88916015625,53.71396484375],[-131.922314453125,53.587890625],[-131.928076171875,53.379199218749996],[-131.957421875,53.30869140625],[-132.011328125,53.265185546874996],[-132.347265625,53.189208984375],[-132.520458984375,53.19404296875],[-132.6748046875,53.26318359375],[-132.747509765625,53.310498046875],[-132.692578125,53.36787109375],[-132.65478515625,53.370556640625],[-132.546240234375,53.35927734375],[-132.46240234375,53.337890625],[-132.425,53.336962890624996],[-132.43134765625,53.350439453125],[-132.670166015625,53.45859375],[-132.84501953125,53.50771484375],[-132.897998046875,53.5626953125],[-132.899560546875,53.60537109375],[-132.91337890625,53.629199218749996],[-133.05224609375,53.778124999999996],[-133.0794921875,53.83701171875],[-133.09765625,53.920263671875],[-133.09794921875,54.005615234375],[-133.0638671875,54.14404296875],[-133.048388671875,54.158935546875],[-132.991455078125,54.1578125],[-132.89306640625,54.140771484375],[-132.655517578125,54.127490234374996],[-132.5640625,54.068652343749996]]]}},{"type":"Feature","properties":{},"geometry":{"type":"Polygon","coordinates":[[[-131.65234375,53.102978515625],[-131.62216796875,53.020068359374996],[-131.63466796875,52.922167968749996],[-131.795263671875,52.885058593749996],[-131.8796875,52.9146484375],[-131.916357421875,52.909130859375],[-131.97177734375,52.879833984375],[-131.90439453125,52.86669921875],[-131.81005859375,52.818701171875],[-131.727294921875,52.756396484374996],[-131.610595703125,52.74521484375],[-131.455224609375,52.701708984374996],[-131.572802734375,52.623339843749996],[-131.590576171875,52.57822265625],[-131.443896484375,52.4533203125],[-131.42998046875,52.422119140625],[-131.3830078125,52.41572265625],[-131.2736328125,52.425830078124996],[-131.259716796875,52.41591796875],[-131.2599609375,52.3900390625],[-131.32705078125,52.317529296875],[-131.319921875,52.303076171875],[-131.2591796875,52.291650390625],[-131.142626953125,52.29111328125],[-131.116162109375,52.219091796875],[-131.221533203125,52.153613281249996],[-131.421875,52.23798828125],[-131.5111328125,52.322070312499996],[-131.562060546875,52.399951171874996],[-131.623681640625,52.443994140625],[-131.80966796875,52.54169921875],[-132.092236328125,52.752783203125],[-132.165087890625,52.78330078125],[-132.23857421875,52.866796875],[-132.2599609375,52.906982421875],[-132.25810546875,52.933886718749996],[-132.229541015625,52.948095703125],[-132.144921875,52.957470703125],[-132.14375,52.999316406249996],[-132.468701171875,53.071875],[-132.504833984375,53.086718749999996],[-132.54677734375,53.137499999999996],[-132.52421875,53.144921875],[-132.34541015625,53.136083984375],[-132.15390625,53.160498046875],[-132.0359375,53.179150390625],[-131.989501953125,53.201953124999996],[-131.893115234375,53.2314453125],[-131.853466796875,53.229736328125],[-131.7537109375,53.195556640625],[-131.65234375,53.102978515625]]]}},{"type":"Feature","properties":{},"geometry":{"type":"Polygon","coordinates":[[[-126.700927734375,50.515527343749994],[-126.203857421875,50.453857421875],[-125.83916015624999,50.380810546875],[-125.615234375,50.358544921874994],[-125.534326171875,50.34248046875],[-125.482080078125,50.316796874999994],[-125.42045898437499,50.254638671875],[-125.31396484375,50.106689453125],[-125.23320312499999,50.01220703125],[-125.06640625,49.848193359374996],[-124.93466796875,49.731640625],[-124.904638671875,49.685351562499996],[-124.93242187499999,49.670458984374996],[-124.9306640625,49.6431640625],[-124.83061523437499,49.530078124999996],[-124.64287109374999,49.428662109375],[-124.495947265625,49.380273437499994],[-124.185888671875,49.300585937499996],[-123.99580078125,49.224023437499994],[-123.937158203125,49.170800781249994],[-123.8544921875,49.119189453124996],[-123.82001953125,49.08349609375],[-123.752294921875,48.951220703124996],[-123.6265625,48.824023437499996],[-123.497021484375,48.582080078124996],[-123.4728515625,48.602294921875],[-123.457958984375,48.6744140625],[-123.44306640625,48.690478515624996],[-123.415478515625,48.698193359375],[-123.389892578125,48.670214843749996],[-123.36630859375,48.6064453125],[-123.2837890625,48.45517578125],[-123.31064453125,48.411035156249994],[-123.33452148437499,48.406494140625],[-123.4458984375,48.42724609375],[-123.4845703125,48.40009765625],[-123.536474609375,48.344970703125],[-123.57314453125,48.322802734374996],[-123.59462890625,48.333544921874996],[-123.916943359375,48.386572265625],[-124.115234375,48.436425781249994],[-124.376220703125,48.515234375],[-124.689404296875,48.597314453124994],[-124.86826171875,48.653613281249996],[-125.017236328125,48.711474609374996],[-125.120703125,48.760791015624996],[-125.140283203125,48.802636718749994],[-125.135693359375,48.822412109374994],[-124.934765625,48.956347656249996],[-124.84965820312499,49.028271484375],[-124.817041015625,49.083300781249996],[-124.800244140625,49.141552734375],[-124.812646484375,49.212646484375],[-124.820751953125,49.20712890625],[-124.838720703125,49.139062499999994],[-124.868310546875,49.078515624999994],[-124.904443359375,49.031005859375],[-124.92734375,49.014208984374996],[-125.168212890625,48.991015624999996],[-125.362744140625,48.9982421875],[-125.460302734375,48.941064453124994],[-125.489453125,48.9337890625],[-125.543115234375,48.95283203125],[-125.660498046875,49.029150390625],[-125.828515625,49.091845703124996],[-125.811962890625,49.107226562499996],[-125.702294921875,49.139208984374996],[-125.64423828125,49.185791015625],[-125.654638671875,49.193212890625],[-125.693701171875,49.190380859375],[-125.72802734375,49.199853515624994],[-125.79638671875,49.260205078125],[-125.83544921875,49.276660156249996],[-125.918359375,49.24951171875],[-125.95166015625,49.248046875],[-125.983837890625,49.287890624999996],[-125.9376953125,49.379785156249994],[-125.935400390625,49.40146484375],[-126.02031249999999,49.368017578125],[-126.04833984375,49.37900390625],[-126.07490234375,49.4087890625],[-126.099853515625,49.421289062499994],[-126.16884765625,49.415185546874994],[-126.243603515625,49.442675781249996],[-126.2697265625,49.431884765625],[-126.279638671875,49.3921875],[-126.30449218749999,49.38203125],[-126.418603515625,49.449023437499996],[-126.44453125,49.451123046875],[-126.499853515625,49.399951171874996],[-126.519140625,49.396777343749996],[-126.54853515625,49.4189453125],[-126.563720703125,49.543261718749996],[-126.557470703125,49.57861328125],[-126.54189453125,49.590478515624994],[-126.4427734375,49.619287109374994],[-126.1578125,49.650146484375],[-126.13408203124999,49.672314453125],[-126.34755859375,49.66083984375],[-126.403173828125,49.677734375],[-126.46279296875,49.72021484375],[-126.525244140625,49.719580078125],[-126.558251953125,49.7333984375],[-126.59287109375,49.764111328125],[-126.68310546875,49.87646484375],[-126.74462890625,49.904931640624994],[-126.849365234375,49.922802734375],[-126.9033203125,49.944140624999996],[-126.92607421874999,49.934716796874994],[-126.94794921875,49.902685546875],[-126.97709960937499,49.8828125],[-127.04873046875,49.871533203125],[-127.11430664062499,49.879736328125],[-127.16552734375,49.910449218749996],[-127.1958984375,49.949169921875],[-127.20751953125,49.992431640625],[-127.1791015625,50.05029296875],[-127.179638671875,50.073144531249994],[-127.192333984375,50.099902343749996],[-127.215673828125,50.121484374999994],[-127.24980468749999,50.137988281249996],[-127.268408203125,50.129345703125],[-127.27153320312499,50.095556640625],[-127.2900390625,50.070849609374996],[-127.34941406249999,50.051953125],[-127.397900390625,50.085009765624996],[-127.42978515625,50.130859375],[-127.467138671875,50.163427734375],[-127.67485351562499,50.163330078125],[-127.770458984375,50.121142578124996],[-127.81630859375,50.117724609374996],[-127.863916015625,50.127734374999996],[-127.872998046875,50.15009765625],[-127.82817382812499,50.21142578125],[-127.83916015624999,50.293212890625],[-127.850830078125,50.313720703125],[-127.9466796875,50.326220703124996],[-127.96293945312499,50.345996093749996],[-127.905859375,50.445214843749994],[-127.8740234375,50.46396484375],[-127.83154296875,50.471044921875],[-127.64140624999999,50.4791015625],[-127.578125,50.46494140625],[-127.4865234375,50.404638671875],[-127.48935546875,50.42734375],[-127.5240234375,50.495751953124994],[-127.52900390625,50.536767578124994],[-127.46591796875,50.58310546875],[-127.526220703125,50.5966796875],[-127.75146484375,50.607373046875],[-127.74970703125,50.577734375],[-127.73115234375,50.5357421875],[-127.864697265625,50.498876953125],[-127.96367187499999,50.492626953125],[-128.058349609375,50.498486328125],[-128.13564453125,50.520556640624996],[-128.267431640625,50.609277343749994],[-128.34990234375,50.696582031249996],[-128.346044921875,50.74423828125],[-128.300830078125,50.794140625],[-128.241552734375,50.828173828124996],[-128.101318359375,50.857763671875],[-127.91806640625,50.860546875],[-127.713037109375,50.820751953125],[-127.19731445312499,50.640380859375],[-126.700927734375,50.515527343749994]]]}},{"type":"Feature","properties":{},"geometry":{"type":"Polygon","coordinates":[[[-120.359716796875,34.022265624999996],[-120.441552734375,34.03291015625],[-120.412939453125,34.056298828124994],[-120.36772460937499,34.073291015624996],[-120.35332031249999,34.060595703124996],[-120.306591796875,34.024853515625],[-120.359716796875,34.022265624999996]]]}},{"type":"Feature","properties":{},"geometry":{"type":"Polygon","coordinates":[[[-119.48251953125,33.21533203125],[-119.54365234375,33.224609375],[-119.5751953125,33.2783203125],[-119.525146484375,33.282031249999996],[-119.47880859374999,33.274609375],[-119.442041015625,33.232421875],[-119.43803710937499,33.217187499999994],[-119.48251953125,33.21533203125]]]}},{"type":"Feature","properties":{},"geometry":{"type":"Polygon","coordinates":[[[-97.03603515625,27.899169921875],[-96.98764648437499,27.9810546875],[-96.978662109375,28.013867187499997],[-96.89931640625,28.117480468749996],[-96.857421875,28.13291015625],[-96.83974609375,28.088818359374997],[-96.921337890625,28.016015624999994],[-97.01435546875,27.901611328125],[-97.03603515625,27.899169921875]]]}},{"type":"Feature","properties":{},"geometry":{"type":"Polygon","coordinates":[[[-88.943603515625,29.66025390625],[-88.94111328125,29.680224609374996],[-88.90117187499999,29.732617187499997],[-88.87265624999999,29.752978515624996],[-88.889306640625,29.712597656249997],[-88.943603515625,29.66025390625]]]}},{"type":"Feature","properties":{},"geometry":{"type":"Polygon","coordinates":[[[-88.57065429687499,30.204785156249997],[-88.65922851562499,30.2255859375],[-88.7130859375,30.244921874999996],[-88.7228515625,30.2642578125],[-88.573974609375,30.229150390624994],[-88.55810546875,30.21591796875],[-88.57065429687499,30.204785156249997]]]}},{"type":"Feature","properties":{},"geometry":{"type":"Polygon","coordinates":[[[-88.159326171875,30.230908203124997],[-88.28974609375,30.23291015625],[-88.31625976562499,30.240429687499997],[-88.263916015625,30.254736328125],[-88.109375,30.273730468749996],[-88.07133789062499,30.252343749999994],[-88.159326171875,30.230908203124997]]]}},{"type":"Feature","properties":{},"geometry":{"type":"Polygon","coordinates":[[[-122.86259765624999,47.18505859375],[-122.87675781249999,47.1861328125],[-122.907958984375,47.226123046874996],[-122.91191406249999,47.254345703125],[-122.885107421875,47.274707031249996],[-122.84916992187499,47.21630859375],[-122.85307617187499,47.204736328124994],[-122.86259765624999,47.18505859375]]]}},{"type":"Feature","properties":{},"geometry":{"type":"Polygon","coordinates":[[[-86.5802734375,16.300244140624997],[-86.63041992187499,16.3017578125],[-86.55693359374999,16.362109375000003],[-86.43828124999999,16.413867187500003],[-86.337841796875,16.439208984375],[-86.255517578125,16.42822265625],[-86.419921875,16.378369140624997],[-86.5802734375,16.300244140624997]]]}},{"type":"Feature","properties":{},"geometry":{"type":"Polygon","coordinates":[[[-155.625634765625,18.963916015625003],[-155.68076171875,18.967675781249994],[-155.881298828125,19.070507812499997],[-155.905615234375,19.12583007812499],[-155.89072265625,19.382519531249997],[-155.9658203125,19.5908203125],[-156.048681640625,19.749951171874997],[-155.988427734375,19.831591796875003],[-155.90888671875,19.894726562499997],[-155.8203125,20.01416015625],[-155.8927734375,20.167382812499994],[-155.874267578125,20.259814453125003],[-155.831640625,20.275830078124997],[-155.6220703125,20.16342773437499],[-155.198779296875,19.994384765625],[-155.086083984375,19.875634765624994],[-155.06591796875,19.748193359374994],[-154.989013671875,19.731982421875003],[-154.952587890625,19.64462890624999],[-154.841357421875,19.568164062500003],[-154.80419921875,19.524462890625003],[-154.85029296875,19.4541015625],[-155.053466796875,19.31918945312499],[-155.309619140625,19.260156249999994],[-155.53525390625,19.109082031249997],[-155.58134765625,19.012011718750003],[-155.625634765625,18.963916015625003]]]}},{"type":"Feature","properties":{},"geometry":{"type":"Polygon","coordinates":[[[-157.002294921875,21.187939453124997],[-156.95234375,21.19970703125],[-156.9171875,21.177294921875003],[-156.7421875,21.163525390624997],[-156.712158203125,21.155078125000003],[-156.747900390625,21.103564453125003],[-156.85986328125,21.056347656249997],[-157.0208984375,21.097802734374994],[-157.29033203125,21.112597656250003],[-157.2794921875,21.15234375],[-157.25380859375,21.180566406249994],[-157.249951171875,21.229785156250003],[-157.213623046875,21.215380859375003],[-157.002294921875,21.187939453124997]]]}},{"type":"Feature","properties":{},"geometry":{"type":"Polygon","coordinates":[[[-156.46083984375,20.914746093749997],[-156.35439453125,20.941455078125003],[-156.2775390625,20.95126953124999],[-156.14833984375,20.885498046875],[-156.103515625,20.84033203125],[-156.01865234375,20.79208984374999],[-155.98984375,20.757128906250003],[-156.01357421875,20.714794921874997],[-156.10712890625,20.644775390625],[-156.234765625,20.628613281249997],[-156.3099609375,20.598779296874994],[-156.4087890625,20.605175781249997],[-156.438232421875,20.617871093749997],[-156.448876953125,20.706249999999997],[-156.480078125,20.801220703124997],[-156.54384765625,20.789990234374997],[-156.6154296875,20.821826171875003],[-156.689697265625,20.901416015625003],[-156.69775390625,20.94907226562499],[-156.656884765625,21.02451171874999],[-156.585400390625,21.034326171874994],[-156.53232421875,20.99267578125],[-156.48681640625,20.932568359374997],[-156.46083984375,20.914746093749997]]]}},{"type":"Feature","properties":{},"geometry":{"type":"Polygon","coordinates":[[[-157.764990234375,21.450927734375],[-157.7208984375,21.457714843749997],[-157.705517578125,21.378076171874994],[-157.654150390625,21.333935546874997],[-157.635400390625,21.3076171875],[-157.690869140625,21.279736328124997],[-157.798779296875,21.268603515625003],[-157.84931640625,21.290820312500003],[-157.9017578125,21.340576171875],[-157.958447265625,21.326904296875],[-157.968310546875,21.366894531249997],[-157.97841796875,21.37851562499999],[-158.01728515625,21.367724609375003],[-157.98095703125,21.316113281249997],[-158.079150390625,21.312255859375],[-158.1103515625,21.318603515625],[-158.137841796875,21.377148437499997],[-158.239111328125,21.48935546874999],[-158.238671875,21.53305664062499],[-158.27314453125,21.585253906250003],[-158.123095703125,21.600244140624994],[-158.020361328125,21.691796874999994],[-157.9625,21.701367187499997],[-157.851513671875,21.553369140624994],[-157.854345703125,21.511914062499997],[-157.82958984375,21.471435546875],[-157.799365234375,21.45664062499999],[-157.764990234375,21.450927734375]]]}},{"type":"Feature","properties":{},"geometry":{"type":"Polygon","coordinates":[[[-159.460693359375,21.876123046874994],[-159.511865234375,21.900390625],[-159.608837890625,21.90952148437499],[-159.64638671875,21.95175781249999],[-159.747998046875,21.98984374999999],[-159.78916015625,22.041796875000003],[-159.726611328125,22.140185546875003],[-159.57919921875,22.22314453125],[-159.35205078125,22.21958007812499],[-159.30478515625,22.154052734375],[-159.30068359375,22.105273437500003],[-159.33017578125,22.050683593749994],[-159.34375,21.9736328125],[-159.37275390625,21.932373046875],[-159.460693359375,21.876123046874994]]]}},{"type":"Feature","properties":{},"geometry":{"type":"Polygon","coordinates":[[[-156.90888671875,20.74448242187499],[-156.973388671875,20.757519531249997],[-156.988427734375,20.82568359375],[-157.0505859375,20.91245117187499],[-156.941796875,20.93002929687499],[-156.88056640625,20.904833984375003],[-156.848291015625,20.87778320312499],[-156.809375,20.83115234374999],[-156.849609375,20.772656249999997],[-156.90888671875,20.74448242187499]]]}},{"type":"Feature","properties":{},"geometry":{"type":"Polygon","coordinates":[[[-159.394482421875,54.967333984374996],[-159.421337890625,54.978125],[-159.45849609375,55.034960937499996],[-159.4619140625,55.0587890625],[-159.3904296875,55.040869140625],[-159.36318359375,54.99951171875],[-159.36201171875,54.972412109375],[-159.394482421875,54.967333984374996]]]}},{"type":"Feature","properties":{},"geometry":{"type":"Polygon","coordinates":[[[-159.933935546875,55.1068359375],[-159.953076171875,55.078955078125],[-159.9994140625,55.067187499999996],[-160.0,55.066846497575085],[-160.0,55.19607488648504],[-159.981640625,55.19775390625],[-159.920458984375,55.267529296875],[-159.887353515625,55.272998046874996],[-159.871044921875,55.26357421875],[-159.8982421875,55.2212890625],[-159.839404296875,55.182373046875],[-159.8541015625,55.144677734375],[-159.872998046875,55.128759765625],[-159.933935546875,55.1068359375]]]}},{"type":"Feature","properties":{},"geometry":{"type":"Polygon","coordinates":[[[-159.52041015625,55.07216796875],[-159.5349609375,55.059619140624996],[-159.561474609375,55.080908203125],[-159.617724609375,55.05732421875],[-159.648486328125,55.074560546875],[-159.635400390625,55.102343749999996],[-159.6396484375,55.123974609375],[-159.59794921875,55.12568359375],[-159.588037109375,55.165332031249996],[-159.595263671875,55.18203125],[-159.574755859375,55.217724609375],[-159.545068359375,55.2259765625],[-159.51513671875,55.15185546875],[-159.52041015625,55.07216796875]]]}},{"type":"Feature","properties":{},"geometry":{"type":"Polygon","coordinates":[[[-126.06401367187499,49.263623046875],[-126.18681640624999,49.278124999999996],[-126.229638671875,49.295654296875],[-126.2314453125,49.3390625],[-126.20854492187499,49.379785156249994],[-126.11528320312499,49.365039062499996],[-126.09208984374999,49.35400390625],[-126.06401367187499,49.263623046875]]]}},{"type":"Feature","properties":{},"geometry":{"type":"Polygon","coordinates":[[[-122.39873046874999,47.372509765625],[-122.437109375,47.354785156249996],[-122.456982421875,47.359326171875],[-122.458203125,47.386132812499994],[-122.46855468749999,47.390234375],[-122.509912109375,47.3580078125],[-122.5068359375,47.421679687499996],[-122.486474609375,47.48876953125],[-122.468603515625,47.489990234375],[-122.44208984375,47.446142578125],[-122.394140625,47.395263671875],[-122.39873046874999,47.372509765625]]]}},{"type":"Feature","properties":{},"geometry":{"type":"Polygon","coordinates":[[[-122.50263671875,47.575439453125],[-122.5578125,47.598291015624994],[-122.575927734375,47.619482421875],[-122.57373046875,47.666845703125],[-122.56010742187499,47.69775390625],[-122.549755859375,47.703955078125],[-122.517236328125,47.690576171874994],[-122.50786132812499,47.682666015624996],[-122.497265625,47.594580078125],[-122.50263671875,47.575439453125]]]}},{"type":"Feature","properties":{},"geometry":{"type":"Polygon","coordinates":[[[-122.76884765624999,48.6509765625],[-122.808984375,48.629833984375],[-122.83759765625,48.6265625],[-122.88310546874999,48.66064453125],[-122.90302734375,48.664697265624994],[-122.88701171874999,48.6123046875],[-122.892529296875,48.594482421875],[-122.98564453124999,48.626708984375],[-123.00283203125,48.652197265625],[-122.97666015625,48.679150390625],[-122.91801757812499,48.706982421875],[-122.897705078125,48.710351562499994],[-122.78212890625,48.672705078125],[-122.76884765624999,48.6509765625]]]}},{"type":"Feature","properties":{},"geometry":{"type":"Polygon","coordinates":[[[-122.836572265625,48.421533203124994],[-122.8900390625,48.43466796875],[-122.921630859375,48.456933593749994],[-122.932275390625,48.484765624999994],[-122.91220703125,48.537988281249994],[-122.885498046875,48.551611328125],[-122.868896484375,48.548632812499996],[-122.8619140625,48.501855468749994],[-122.814599609375,48.45234375],[-122.8208984375,48.43134765625],[-122.836572265625,48.421533203124994]]]}},{"type":"Feature","properties":{},"geometry":{"type":"Polygon","coordinates":[[[-122.986767578125,48.468017578125],[-123.09443359375,48.489062499999996],[-123.13994140624999,48.507958984374994],[-123.15341796875,48.526318359375],[-123.169580078125,48.586718749999996],[-123.16215820312499,48.606396484375],[-123.11416015625,48.61328125],[-123.024169921875,48.538476562499994],[-123.013134765625,48.500878906249994],[-122.986767578125,48.468017578125]]]}},{"type":"Feature","properties":{},"geometry":{"type":"Polygon","coordinates":[[[-122.523828125,48.025439453124996],[-122.50283203125,48.080078125],[-122.36674804687499,47.98544921875],[-122.3666015625,47.938818359375],[-122.383154296875,47.923193359375],[-122.41142578124999,47.917724609375],[-122.43759765625,47.93134765625],[-122.46162109375,47.964013671874994],[-122.49228515625,47.981298828125],[-122.55751953125,47.992480468749996],[-122.59135742187499,48.029638671875],[-122.603173828125,48.055029296875],[-122.606298828125,48.128564453124994],[-122.62265625,48.151416015624996],[-122.65727539062499,48.156494140625],[-122.690380859375,48.173876953124996],[-122.74150390624999,48.22529296875],[-122.74873046875,48.239013671875],[-122.72451171875,48.280908203124994],[-122.66899414062499,48.351025390625],[-122.62861328125,48.384228515625],[-122.603515625,48.380615234375],[-122.5724609375,48.3595703125],[-122.535546875,48.321191406249994],[-122.542431640625,48.293994140624996],[-122.692138671875,48.241064453125],[-122.697021484375,48.228662109374994],[-122.6244140625,48.213769531249994],[-122.597607421875,48.200439453125],[-122.57275390625,48.156640624999994],[-122.523828125,48.025439453124996]]]}},{"type":"Feature","properties":{},"geometry":{"type":"Polygon","coordinates":[[[-124.139794921875,49.5103515625],[-124.3623046875,49.588183593749996],[-124.4572265625,49.634228515625],[-124.49394531249999,49.66748046875],[-124.517822265625,49.686328124999996],[-124.63095703125,49.735693359375],[-124.649853515625,49.758349609374996],[-124.623291015625,49.77509765625],[-124.54716796874999,49.764941406249996],[-124.421484375,49.727783203125],[-124.30913085937499,49.667285156249996],[-124.153662109375,49.531152343749994],[-124.139794921875,49.5103515625]]]}},{"type":"Feature","properties":{},"geometry":{"type":"Polygon","coordinates":[[[-123.38481445312499,48.8751953125],[-123.541015625,48.945947265624994],[-123.64560546875,49.038623046874996],[-123.68925781249999,49.095117187499994],[-123.48232421875,48.9546875],[-123.3779296875,48.908251953124996],[-123.37236328124999,48.886132812499994],[-123.38481445312499,48.8751953125]]]}},{"type":"Feature","properties":{},"geometry":{"type":"Polygon","coordinates":[[[-123.47724609375,48.728759765625],[-123.499609375,48.732177734375],[-123.517529296875,48.750146484374994],[-123.58232421874999,48.92578125],[-123.5546875,48.9220703125],[-123.46787109375,48.8673828125],[-123.487548828125,48.845703125],[-123.42275390625,48.793359374999994],[-123.40678710937499,48.7560546875],[-123.435400390625,48.754443359374996],[-123.47724609375,48.728759765625]]]}},{"type":"Feature","properties":{},"geometry":{"type":"Polygon","coordinates":[[[-125.0015625,50.020751953125],[-125.0259765625,50.134082031249996],[-124.99565429687499,50.175195312499994],[-124.98701171875,50.195849609374996],[-124.9908203125,50.217138671875],[-124.937841796875,50.165917968749994],[-124.91640625,50.13154296875],[-124.907470703125,50.083984375],[-124.908447265625,50.0712890625],[-124.977734375,50.029589843749996],[-125.0015625,50.020751953125]]]}},{"type":"Feature","properties":{},"geometry":{"type":"Polygon","coordinates":[[[-126.680419921875,49.601367187499996],[-126.743408203125,49.6134765625],[-126.814208984375,49.64208984375],[-126.93857421875,49.71845703125],[-126.95126953125,49.735693359375],[-126.9400390625,49.75048828125],[-126.9048828125,49.76279296875],[-126.896875,49.78291015625],[-126.92583007812499,49.837744140625],[-126.82607421875,49.872363281249996],[-126.738134765625,49.843652343749994],[-126.69814453125,49.808496093749994],[-126.64990234375,49.74580078125],[-126.628173828125,49.675146484375],[-126.62578124999999,49.626806640625],[-126.6412109375,49.605810546875],[-126.680419921875,49.601367187499996]]]}},{"type":"Feature","properties":{},"geometry":{"type":"Polygon","coordinates":[[[-125.19511718749999,50.044335937499994],[-125.25957031249999,50.130029296874994],[-125.35844726562499,50.3115234375],[-125.3453125,50.353955078125],[-125.301171875,50.4140625],[-125.2609375,50.417822265625],[-125.19599609375,50.38974609375],[-125.139501953125,50.339697265625],[-125.12646484375,50.320263671875],[-125.09140625,50.2677734375],[-125.07402343749999,50.220654296875],[-125.11298828125,50.163476562499994],[-125.18413085937499,50.097119140625],[-125.19511718749999,50.044335937499994]]]}},{"type":"Feature","properties":{},"geometry":{"type":"Polygon","coordinates":[[[-118.40859375,32.818505859374994],[-118.47319335937499,32.838916015624996],[-118.52890625,32.935595703124996],[-118.590185546875,33.011181640625],[-118.557080078125,33.032666015625],[-118.507470703125,32.959912109375],[-118.383203125,32.849462890625],[-118.35039062499999,32.827587890625],[-118.40859375,32.818505859374994]]]}},{"type":"Feature","properties":{},"geometry":{"type":"Polygon","coordinates":[[[-118.285498046875,28.903759765624997],[-118.40009765625,29.1123046875],[-118.4013671875,29.162744140624994],[-118.367822265625,29.18759765625],[-118.31230468749999,29.182861328125],[-118.31206054687499,29.130517578124994],[-118.26552734375,29.08642578125],[-118.24736328124999,29.043359374999994],[-118.2427734375,28.941943359374996],[-118.285498046875,28.903759765624997]]]}},{"type":"Feature","properties":{},"geometry":{"type":"Polygon","coordinates":[[[-120.113916015625,33.9048828125],[-120.167138671875,33.91806640625],[-120.251904296875,34.0138671875],[-120.07182617187499,34.026513671874994],[-119.994384765625,33.984912109374996],[-119.98393554687499,33.97333984375],[-120.0435546875,33.918847656249994],[-120.113916015625,33.9048828125]]]}},{"type":"Feature","properties":{},"geometry":{"type":"Polygon","coordinates":[[[-119.678857421875,34.028466796874994],[-119.56914062499999,34.052978515625],[-119.549267578125,34.028173828125],[-119.56220703125,34.006591796875],[-119.8095703125,33.9677734375],[-119.885498046875,33.994921874999996],[-119.892431640625,34.032177734375],[-119.91806640625,34.067822265625],[-119.88237304687499,34.0796875],[-119.678857421875,34.028466796874994]]]}},{"type":"Feature","properties":{},"geometry":{"type":"Polygon","coordinates":[[[-118.2974609375,33.312109375],[-118.37021484375,33.321240234375],[-118.4462890625,33.31708984375],[-118.4693359375,33.35712890625],[-118.492041015625,33.41279296875],[-118.50732421875,33.427001953125],[-118.559423828125,33.431982421875],[-118.563330078125,33.437060546874996],[-118.56943359375,33.464160156249996],[-118.554833984375,33.477099609374996],[-118.39169921875,33.415087890624996],[-118.34794921874999,33.3857421875],[-118.2974609375,33.312109375]]]}},{"type":"Feature","properties":{},"geometry":{"type":"Polygon","coordinates":[[[-96.80112304687499,28.1484375],[-96.755615234375,28.202441406249996],[-96.681640625,28.229687499999997],[-96.51933593749999,28.333447265624997],[-96.453125,28.340576171875],[-96.41865234375,28.376318359375],[-96.403564453125,28.381591796875],[-96.413330078125,28.337792968749994],[-96.543896484375,28.275585937499997],[-96.764404296875,28.152587890625],[-96.80112304687499,28.1484375]]]}},{"type":"Feature","properties":{},"geometry":{"type":"Polygon","coordinates":[[[-97.38481445312499,27.242529296875],[-97.376220703125,27.328271484374994],[-97.29501953124999,27.523095703124994],[-97.130029296875,27.779150390625],[-97.060546875,27.822021484375],[-97.25087890625,27.541210937499997],[-97.35361328124999,27.300048828125],[-97.38481445312499,27.242529296875]]]}},{"type":"Feature","properties":{},"geometry":{"type":"Polygon","coordinates":[[[-95.08964843749999,29.136328125],[-94.87167968749999,29.29013671875],[-94.82597656249999,29.34130859375],[-94.76762695312499,29.339062499999997],[-94.86494140625,29.252880859374997],[-95.039697265625,29.145898437499994],[-95.08964843749999,29.136328125]]]}},{"type":"Feature","properties":{},"geometry":{"type":"Polygon","coordinates":[[[-97.184521484375,26.112939453124994],[-97.267333984375,26.329785156249997],[-97.402099609375,26.820507812499997],[-97.407177734375,27.1001953125],[-97.385986328125,27.196484374999997],[-97.351220703125,26.801464843749997],[-97.20224609374999,26.2998046875],[-97.17070312499999,26.159374999999997],[-97.184521484375,26.112939453124994]]]}},{"type":"Feature","properties":{},"geometry":{"type":"Polygon","coordinates":[[[-85.008251953125,29.606640624999997],[-85.11674804687499,29.6328125],[-85.04931640625,29.63779296875],[-85.00053710937499,29.627197265625],[-85.0,29.627421025815213],[-85.0,29.609600084587893],[-85.008251953125,29.606640624999997]]]}},{"type":"Feature","properties":{},"geometry":{"type":"Polygon","coordinates":[[[-89.220458984375,30.03759765625],[-89.26943359375,30.060742187499997],[-89.3419921875,30.062841796875],[-89.31005859375,30.0787109375],[-89.28764648437499,30.094189453124997],[-89.27646484374999,30.11083984375],[-89.18466796874999,30.168652343749997],[-89.210693359375,30.126220703125],[-89.22397460937499,30.08408203125],[-89.220458984375,30.03759765625]]]}},{"type":"Feature","properties":{},"geometry":{"type":"Polygon","coordinates":[[[-91.83085937499999,29.486474609374994],[-91.996240234375,29.573095703125],[-92.00664062499999,29.610302734374997],[-91.925048828125,29.643945312499994],[-91.875244140625,29.640966796875],[-91.79648437499999,29.596972656249996],[-91.76767578124999,29.584716796875],[-91.754296875,29.56689453125],[-91.7619140625,29.539013671874997],[-91.793701171875,29.500732421875],[-91.83085937499999,29.486474609374994]]]}},{"type":"Feature","properties":{},"geometry":{"type":"Polygon","coordinates":[[[-88.8556640625,29.77587890625],[-88.82797851562499,29.928369140624994],[-88.86689453125,30.05673828125],[-88.82587890625,30.000390624999994],[-88.81259765624999,29.933349609375],[-88.82744140624999,29.80771484375],[-88.8556640625,29.77587890625]]]}},{"type":"Feature","properties":{},"geometry":{"type":"Polygon","coordinates":[[[-87.99809570312499,17.90634765624999],[-87.95903320312499,17.964013671874994],[-87.9533203125,18.00107421874999],[-87.89833984375,18.154931640624994],[-87.85893554687499,18.154052734375],[-87.84853515625,18.140380859375],[-87.9505859375,17.924951171874994],[-87.99809570312499,17.90634765624999]]]}},{"type":"Feature","properties":{},"geometry":{"type":"Polygon","coordinates":[[[-87.92998046874999,17.283007812500003],[-87.93486328124999,17.322949218749997],[-87.90283203125,17.426464843749997],[-87.85942382812499,17.462792968749994],[-87.83251953125,17.50107421874999],[-87.826416015625,17.546289062499994],[-87.78862304687499,17.524218750000003],[-87.79814453124999,17.47958984374999],[-87.8529296875,17.4228515625],[-87.92998046874999,17.283007812500003]]]}},{"type":"Feature","properties":{},"geometry":{"type":"Polygon","coordinates":[[[-91.796142578125,18.654199218749994],[-91.81611328125,18.67587890624999],[-91.589111328125,18.778027343749997],[-91.55029296875,18.773681640625],[-91.53671874999999,18.760009765625],[-91.654248046875,18.711474609375003],[-91.68369140624999,18.67734374999999],[-91.796142578125,18.654199218749994]]]}},{"type":"Feature","properties":{},"geometry":{"type":"Polygon","coordinates":[[[-86.99140625,20.272167968749997],[-87.01943359375,20.38232421875],[-86.977978515625,20.489794921875003],[-86.92783203124999,20.551513671875],[-86.828564453125,20.558789062499997],[-86.76328124999999,20.579052734374997],[-86.755029296875,20.5517578125],[-86.8087890625,20.468457031249997],[-86.9396484375,20.30332031249999],[-86.99140625,20.272167968749997]]]}},{"type":"Feature","properties":{},"geometry":{"type":"Polygon","coordinates":[[[-153.134228515625,57.092578124999996],[-153.1568359375,57.0939453125],[-153.235400390625,57.028613281249996],[-153.29541015625,57.000439453125],[-153.374609375,57.051904296875],[-153.354345703125,57.13193359375],[-153.285205078125,57.18505859375],[-152.93544921875,57.167333984375],[-152.9083984375,57.15244140625],[-152.907763671875,57.13974609375],[-152.933447265625,57.129248046875],[-153.007080078125,57.124853515625],[-153.134228515625,57.092578124999996]]]}},{"type":"Feature","properties":{},"geometry":{"type":"Polygon","coordinates":[[[-152.51552734375,58.47861328125],[-152.588623046875,58.509228515625],[-152.63662109375,58.54169921875],[-152.6048828125,58.56640625],[-152.46318359375,58.618505859375],[-152.3955078125,58.619384765625],[-152.367919921875,58.611083984375],[-152.3568359375,58.594970703125],[-152.362255859375,58.570849609375],[-152.392822265625,58.540869140625],[-152.486083984375,58.485009765624994],[-152.51552734375,58.47861328125]]]}},{"type":"Feature","properties":{},"geometry":{"type":"Polygon","coordinates":[[[-153.2685546875,57.82236328125],[-153.294970703125,57.8294921875],[-153.350830078125,57.861962890625],[-153.4650390625,57.909375],[-153.51708984375,57.94189453125],[-153.520068359375,57.95576171875],[-153.4810546875,57.971044921875],[-153.34697265625,57.9328125],[-153.2900390625,57.897900390625],[-153.240625,57.85009765625],[-153.2685546875,57.82236328125]]]}},{"type":"Feature","properties":{},"geometry":{"type":"Polygon","coordinates":[[[-155.6048828125,55.78955078125],[-155.680615234375,55.791845703125],[-155.723193359375,55.802197265625],[-155.737353515625,55.82978515625],[-155.62060546875,55.9130859375],[-155.5939453125,55.92431640625],[-155.5732421875,55.92109375],[-155.563916015625,55.886669921875],[-155.566015625,55.82119140625],[-155.6048828125,55.78955078125]]]}},{"type":"Feature","properties":{},"geometry":{"type":"Polygon","coordinates":[[[-154.751220703125,56.412158203124996],[-154.77392578125,56.420263671875],[-154.7771484375,56.439892578125],[-154.7609375,56.471142578125],[-154.729345703125,56.5021484375],[-154.62373046875,56.561328124999996],[-154.517529296875,56.600537109375],[-154.46337890625,56.598193359374996],[-154.444873046875,56.573193359375],[-154.511181640625,56.521435546875],[-154.6828125,56.435791015625],[-154.751220703125,56.412158203124996]]]}},{"type":"Feature","properties":{},"geometry":{"type":"Polygon","coordinates":[[[-154.2578125,56.5126953125],[-154.33212890625,56.539013671875],[-154.322216796875,56.570605468749996],[-154.216748046875,56.608740234375],[-154.110400390625,56.6029296875],[-154.10224609375,56.581640625],[-154.107177734375,56.5578125],[-154.115966796875,56.543896484375],[-154.1498046875,56.529589843749996],[-154.208642578125,56.514892578125],[-154.2578125,56.5126953125]]]}},{"type":"Feature","properties":{},"geometry":{"type":"Polygon","coordinates":[[[-144.61357421875,59.812646484374994],[-144.541552734375,59.87822265625],[-144.444921875,59.95068359375],[-144.353955078125,59.99619140625],[-144.3302517221642,60.0],[-144.24182089237905,60.0],[-144.248974609375,59.98212890625],[-144.40322265625,59.92109375],[-144.565625,59.818408203125],[-144.61357421875,59.812646484374994]]]}},{"type":"Feature","properties":{},"geometry":{"type":"Polygon","coordinates":[[[-147.846337890625,59.798828125],[-147.8724609375,59.828369140625],[-147.81435546875,59.901953125],[-147.76806640625,59.943749999999994],[-147.733642578125,59.95361328125],[-147.66269818474265,60.0],[-147.37212667074547,60.0],[-147.376513671875,59.991162109375],[-147.40380859375,59.969970703125],[-147.44755859375,59.96025390625],[-147.47939453125,59.93369140625],[-147.49931640625,59.890185546875],[-147.540234375,59.867529296875],[-147.60205078125,59.865576171875],[-147.644921875,59.85361328125],[-147.66875,59.83154296875],[-147.735888671875,59.813232421875],[-147.846337890625,59.798828125]]]}},{"type":"Feature","properties":{},"geometry":{"type":"Polygon","coordinates":[[[-132.837744140625,54.88095703125],[-132.812890625,54.890429687499996],[-132.772314453125,54.926074218749996],[-132.700634765625,54.91904296875],[-132.648876953125,54.907080078125],[-132.617236328125,54.892431640625],[-132.634033203125,54.840478515625],[-132.64697265625,54.756152343749996],[-132.67666015625,54.726220703125],[-132.705810546875,54.6841796875],[-132.807275390625,54.709130859375],[-132.889599609375,54.762646484375],[-133.008935546875,54.854833984375],[-133.075390625,54.921337890625],[-133.08056640625,54.9494140625],[-133.122705078125,54.96982421875],[-133.204638671875,55.08447265625],[-133.251171875,55.175146484375],[-133.324853515625,55.185498046875],[-133.41796875,55.210693359375],[-133.45380859375,55.2603515625],[-133.429052734375,55.30380859375],[-133.29658203125,55.325732421874996],[-133.097412109375,55.213720703125],[-133.06708984375,55.1662109375],[-132.995751953125,55.110595703125],[-132.982177734375,55.033007812499996],[-132.94599609375,55.002587890625],[-132.862255859375,54.89443359375],[-132.837744140625,54.88095703125]]]}},{"type":"Feature","properties":{},"geometry":{"type":"Polygon","coordinates":[[[-133.9248046875,56.775683593749996],[-133.830859375,56.781298828124996],[-133.778125,56.72890625],[-133.73837890625,56.650439453124996],[-133.76728515625,56.60009765625],[-133.809033203125,56.611328125],[-133.8552734375,56.582177734375],[-133.88359375,56.485498046875],[-133.870458984375,56.388671875],[-133.884619140625,56.292138671875],[-133.938525390625,56.193652343749996],[-133.94970703125,56.127734374999996],[-133.97080078125,56.10791015625],[-133.993994140625,56.101123046874996],[-134.0240234375,56.118994140625],[-134.06748046875,56.1330078125],[-134.122412109375,56.077392578125],[-134.189599609375,56.076953124999996],[-134.245068359375,56.203271484375],[-134.195458984375,56.413525390625],[-134.084375,56.456347656249996],[-134.15048828125,56.513476562499996],[-134.290234375,56.580029296875],[-134.278369140625,56.61708984375],[-134.384423828125,56.7240234375],[-134.390625,56.749462890625],[-134.373681640625,56.838671874999996],[-134.2744140625,56.9181640625],[-134.14326171875,56.93232421875],[-134.051806640625,56.898291015625],[-134.0005859375,56.869189453124996],[-133.989599609375,56.844970703125],[-133.9248046875,56.775683593749996]]]}},{"type":"Feature","properties":{},"geometry":{"type":"Polygon","coordinates":[[[-133.283203125,55.515625],[-133.281689453125,55.497851562499996],[-133.42646484375,55.431445312499996],[-133.4291015625,55.417724609375],[-133.4630859375,55.37666015625],[-133.49345703125,55.361669921875],[-133.54736328125,55.317236328125],[-133.6501953125,55.269287109375],[-133.635009765625,55.413330078125],[-133.737109375,55.496923828125],[-133.634228515625,55.5392578125],[-133.56669921875,55.527197265625],[-133.45478515625,55.522314453125],[-133.345556640625,55.55908203125],[-133.305078125,55.543749999999996],[-133.283203125,55.515625]]]}},{"type":"Feature","properties":{},"geometry":{"type":"Polygon","coordinates":[[[-131.237451171875,54.949511718749996],[-131.23203125,54.903759765625],[-131.329541015625,54.887744140624996],[-131.406201171875,54.894287109375],[-131.445703125,54.909326171875],[-131.456103515625,54.93056640625],[-131.43134765625,54.996484375],[-131.48173828125,55.03525390625],[-131.5400390625,55.048486328125],[-131.592236328125,55.025683593749996],[-131.5951171875,55.09072265625],[-131.556005859375,55.13740234375],[-131.57783203125,55.200830078125],[-131.578466796875,55.248779296875],[-131.5654296875,55.264111328125],[-131.512646484375,55.262744140624996],[-131.404638671875,55.213330078125],[-131.33974609375,55.079833984375],[-131.237451171875,54.949511718749996]]]}},{"type":"Feature","properties":{},"geometry":{"type":"Polygon","coordinates":[[[-132.7576171875,56.511035156249996],[-132.884716796875,56.512451171875],[-132.930810546875,56.524462890624996],[-132.948046875,56.567236328125],[-132.93623046875,56.6068359375],[-132.90654296875,56.63740234375],[-132.870654296875,56.69638671875],[-132.842529296875,56.794775390625],[-132.655859375,56.684716796875],[-132.598681640625,56.6357421875],[-132.56796875,56.575830078125],[-132.634228515625,56.553466796875],[-132.714453125,56.542529296874996],[-132.746875,56.525683593749996],[-132.7576171875,56.511035156249996]]]}},{"type":"Feature","properties":{},"geometry":{"type":"Polygon","coordinates":[[[-132.132958984375,55.94326171875],[-132.172607421875,55.95263671875],[-132.210302734375,55.952978515625],[-132.2873046875,55.92939453125],[-132.368603515625,55.939746093749996],[-132.406591796875,55.958203125],[-132.42060546875,55.979541015624996],[-132.4060546875,56.028857421874996],[-132.451171875,56.05634765625],[-132.602978515625,56.06640625],[-132.659912109375,56.078173828124996],[-132.691357421875,56.130078125],[-132.6990234375,56.198193359375],[-132.6751953125,56.2236328125],[-132.59873046875,56.241650390625],[-132.539013671875,56.324169921875],[-132.50595703125,56.335253906249996],[-132.379833984375,56.498779296875],[-132.31650390625,56.4875],[-132.205615234375,56.387939453125],[-132.06689453125,56.24423828125],[-132.112353515625,56.109375],[-132.132958984375,55.94326171875]]]}},{"type":"Feature","properties":{},"geometry":{"type":"Polygon","coordinates":[[[-132.83095703125,56.244140625],[-132.891455078125,56.259423828125],[-133.035009765625,56.34091796875],[-133.037646484375,56.36484375],[-133.01708984375,56.3919921875],[-132.935498046875,56.441796875],[-132.90205078125,56.453759765625],[-132.7060546875,56.448486328125],[-132.643359375,56.43515625],[-132.6291015625,56.411914062499996],[-132.632275390625,56.38828125],[-132.65283203125,56.36435546875],[-132.657568359375,56.339306640625],[-132.64658203125,56.31318359375],[-132.669384765625,56.2873046875],[-132.7798828125,56.247265625],[-132.83095703125,56.244140625]]]}},{"type":"Feature","properties":{},"geometry":{"type":"Polygon","coordinates":[[[-134.319873046875,58.2041015625],[-134.45625,58.20654296875],[-134.593994140625,58.243115234375],[-134.661572265625,58.290917968749994],[-134.647998046875,58.312402343749994],[-134.519970703125,58.33251953125],[-134.398876953125,58.28720703125],[-134.312744140625,58.228906249999994],[-134.319873046875,58.2041015625]]]}},{"type":"Feature","properties":{},"geometry":{"type":"Polygon","coordinates":[[[-128.968701171875,52.4642578125],[-129.10234375,52.574365234375],[-129.151025390625,52.605322265625],[-129.25048828125,52.72216796875],[-129.2677734375,52.77236328125],[-129.263525390625,52.80078125],[-129.245947265625,52.81123046875],[-129.2150390625,52.803857421875],[-129.186181640625,52.791259765625],[-128.993994140625,52.66171875],[-128.94033203125,52.600732421875],[-128.936865234375,52.510009765625],[-128.968701171875,52.4642578125]]]}},{"type":"Feature","properties":{},"geometry":{"type":"Polygon","coordinates":[[[-130.95029296875,54.477783203125],[-130.959033203125,54.498681640625],[-130.953466796875,54.541845703125],[-130.92177734375,54.614892578125],[-130.9068359375,54.631787109375],[-130.77705078125,54.618896484375],[-130.7580078125,54.61376953125],[-130.75341796875,54.59970703125],[-130.76337890625,54.576708984374996],[-130.805126953125,54.543798828125],[-130.9271484375,54.479052734374996],[-130.95029296875,54.477783203125]]]}},{"type":"Feature","properties":{},"geometry":{"type":"Polygon","coordinates":[[[-131.047265625,51.959716796875],[-131.080517578125,51.980419921875],[-131.10341796875,52.0138671875],[-131.117333984375,52.101025390625],[-131.10712890625,52.136572265625],[-131.098095703125,52.150634765625],[-131.01064453125,52.095263671874996],[-131.029296875,51.96162109375],[-131.047265625,51.959716796875]]]}},{"type":"Feature","properties":{},"geometry":{"type":"Polygon","coordinates":[[[-130.267236328125,53.922607421875],[-130.337548828125,53.866259765624996],[-130.384228515625,53.8439453125],[-130.4072265625,53.855517578124996],[-130.470263671875,53.861767578125],[-130.5375,53.91787109375],[-130.58984375,53.940283203125],[-130.624609375,53.94140625],[-130.641845703125,53.921142578125],[-130.6462890625,53.89404296875],[-130.637890625,53.860009765625],[-130.643701171875,53.844531249999996],[-130.66357421875,53.84755859375],[-130.683447265625,53.8634765625],[-130.703173828125,53.892236328125],[-130.707275390625,53.921484375],[-130.695703125,53.95126953125],[-130.646923828125,53.991259765624996],[-130.49462890625,54.074169921875],[-130.447998046875,54.089013671875],[-130.397314453125,54.085693359375],[-130.315869140625,54.046923828124996],[-130.298486328125,54.03564453125],[-130.236279296875,53.958544921874996],[-130.267236328125,53.922607421875]]]}},{"type":"Feature","properties":{},"geometry":{"type":"Polygon","coordinates":[[[-129.8685546875,53.164501953125],[-129.934375,53.17666015625],[-130.151416015625,53.345703125],[-130.3056640625,53.407373046875],[-130.4107421875,53.4908203125],[-130.517578125,53.544238281249996],[-130.452001953125,53.631152343749996],[-130.39482421875,53.620410156249996],[-130.19501953125,53.549658203125],[-130.035400390625,53.481103515625],[-129.9447265625,53.436376953125],[-129.754833984375,53.244775390625],[-129.7689453125,53.21728515625],[-129.848583984375,53.167919921875],[-129.8685546875,53.164501953125]]]}},{"type":"Feature","properties":{},"geometry":{"type":"Polygon","coordinates":[[[-127.941259765625,51.457177734374994],[-127.98124999999999,51.4572265625],[-128.04453125,51.474023437499994],[-128.091796875,51.511132812499994],[-128.148779296875,51.626708984375],[-128.1423828125,51.64658203125],[-128.12275390625,51.666796874999996],[-128.03173828125,51.7083984375],[-127.998681640625,51.70380859375],[-127.98681640625,51.673583984375],[-127.93251953125,51.60546875],[-127.916357421875,51.58544921875],[-127.91630859374999,51.506201171875],[-127.924658203125,51.473876953125],[-127.941259765625,51.457177734374994]]]}},{"type":"Feature","properties":{},"geometry":{"type":"Polygon","coordinates":[[[-128.44541015625,52.387499999999996],[-128.419873046875,52.44111328125],[-128.4125,52.4728515625],[-128.42626953125,52.502734374999996],[-128.4359375,52.560351562499996],[-128.439794921875,52.69638671875],[-128.364892578125,52.781884765625],[-128.247265625,52.784375],[-128.2484375,52.7412109375],[-128.29814453125,52.5482421875],[-128.323779296875,52.458984375],[-128.3435546875,52.426074218749996],[-128.36875,52.40087890625],[-128.44541015625,52.387499999999996]]]}},{"type":"Feature","properties":{},"geometry":{"type":"Polygon","coordinates":[[[-129.3287109375,52.984228515625],[-129.37001953125,52.997607421874996],[-129.409716796875,53.023730468749996],[-129.477783203125,53.09775390625],[-129.500146484375,53.12890625],[-129.51474609375,53.17939453125],[-129.50107421875,53.188330078125],[-129.471435546875,53.1830078125],[-129.450732421875,53.17470703125],[-129.343505859375,53.052783203124996],[-129.313720703125,52.9921875],[-129.3287109375,52.984228515625]]]}},{"type":"Feature","properties":{},"geometry":{"type":"Polygon","coordinates":[[[-129.1732421875,53.1107421875],[-129.27685546875,53.1109375],[-129.305712890625,53.121142578124996],[-129.323876953125,53.142138671874996],[-129.33125,53.173974609375],[-129.31435546875,53.2123046875],[-129.253076171875,53.285498046875],[-129.251171875,53.316699218749996],[-129.23818359375,53.330078125],[-129.19521484375,53.293212890625],[-129.177001953125,53.259130859375],[-129.167724609375,53.11787109375],[-129.1732421875,53.1107421875]]]}},{"type":"Feature","properties":{},"geometry":{"type":"Polygon","coordinates":[[[-106.53134765624999,21.528515624999997],[-106.60703124999999,21.561474609374997],[-106.6341796875,21.61313476562499],[-106.63935546875,21.69785156249999],[-106.59736328125,21.712158203125],[-106.53642578125,21.67636718749999],[-106.523828125,21.65234375],[-106.50224609375,21.61083984375],[-106.53134765624999,21.528515624999997]]]}},{"type":"Feature","properties":{},"geometry":{"type":"Polygon","coordinates":[[[-110.9748046875,18.720361328124994],[-111.063671875,18.781640624999994],[-111.03994140625,18.830126953125003],[-110.989404296875,18.86313476562499],[-110.94208984375,18.801708984374997],[-110.914453125,18.741455078125],[-110.9748046875,18.720361328124994]]]}},{"type":"Feature","properties":{},"geometry":{"type":"Polygon","coordinates":[[[-110.5388671875,24.891552734374997],[-110.59018554687499,24.90805664062499],[-110.657421875,24.96884765624999],[-110.70341796875,25.046630859375],[-110.699267578125,25.081445312499994],[-110.690234375,25.087841796874997],[-110.59521484375,25.042138671874994],[-110.5673828125,25.003466796875003],[-110.5388671875,24.891552734374997]]]}},{"type":"Feature","properties":{},"geometry":{"type":"Polygon","coordinates":[[[-109.82675781249999,24.14755859374999],[-109.8779296875,24.200634765624997],[-109.90048828124999,24.33090820312499],[-109.89033203125,24.34482421874999],[-109.79379882812499,24.183398437500003],[-109.79560546875,24.16357421875],[-109.805078125,24.151074218749997],[-109.82675781249999,24.14755859374999]]]}},{"type":"Feature","properties":{},"geometry":{"type":"Polygon","coordinates":[[[-113.16279296875,29.034765625],[-113.26474609374999,29.096728515624996],[-113.496337890625,29.3076171875],[-113.580615234375,29.413232421874994],[-113.594384765625,29.462695312499996],[-113.58720703125,29.573046874999996],[-113.507958984375,29.559912109375],[-113.41591796875,29.4859375],[-113.37583007812499,29.41748046875],[-113.373828125,29.338916015624996],[-113.2021484375,29.30185546875],[-113.1779296875,29.13193359375],[-113.15561523437499,29.05224609375],[-113.16279296875,29.034765625]]]}},{"type":"Feature","properties":{},"geometry":{"type":"Polygon","coordinates":[[[-114.72724609375,31.701367187499997],[-114.789208984375,31.747412109375],[-114.7845703125,31.789794921875],[-114.77109374999999,31.794091796874994],[-114.70908203124999,31.756884765624996],[-114.687939453125,31.72421875],[-114.694140625,31.705615234374996],[-114.72724609375,31.701367187499997]]]}},{"type":"Feature","properties":{},"geometry":{"type":"Polygon","coordinates":[[[-115.18427734375,28.037255859374994],[-115.3529296875,28.103955078124997],[-115.260400390625,28.220556640625],[-115.273974609375,28.3427734375],[-115.233544921875,28.368359374999997],[-115.19697265625,28.327880859375],[-115.14853515624999,28.172119140625],[-115.17060546875,28.069384765624996],[-115.18427734375,28.037255859374994]]]}},{"type":"Feature","properties":{},"geometry":{"type":"Polygon","coordinates":[[[-111.7123046875,24.346386718749997],[-112.01328124999999,24.533398437499997],[-111.940869140625,24.55112304687499],[-111.8568359375,24.537988281249994],[-111.698876953125,24.393603515625003],[-111.7123046875,24.346386718749997]]]}},{"type":"Feature","properties":{},"geometry":{"type":"Polygon","coordinates":[[[-111.08774414062499,25.984521484374994],[-111.09443359375,25.974072265624997],[-111.13525390625,25.999169921874994],[-111.2044921875,25.84970703124999],[-111.224658203125,25.835888671874997],[-111.18291015625,26.040625],[-111.13925781249999,26.06982421875],[-111.090869140625,26.07568359375],[-111.10029296875,26.02060546875],[-111.08774414062499,25.984521484374994]]]}},{"type":"Feature","properties":{},"geometry":{"type":"Polygon","coordinates":[[[-112.27841796874999,28.769335937499996],[-112.3552734375,28.773144531249997],[-112.5140625,28.847607421874997],[-112.531005859375,28.893994140624997],[-112.46982421874999,29.167724609375],[-112.42353515625,29.203662109374996],[-112.28505859375,29.240429687499997],[-112.263427734375,29.206787109375],[-112.24873046875,29.1259765625],[-112.203076171875,29.005322265624997],[-112.27841796874999,28.769335937499996]]]}},{"type":"Feature","properties":{},"geometry":{"type":"Polygon","coordinates":[[[-112.07734375,24.534570312499994],[-112.162890625,24.650292968749994],[-112.17548828125,24.72958984374999],[-112.210498046875,24.763134765624997],[-112.29677734375,24.78964843749999],[-112.222314453125,24.951123046874997],[-112.159423828125,25.28564453125],[-112.13168945312499,25.224365234375],[-112.198388671875,24.885449218749997],[-112.19501953125,24.841064453125],[-112.16376953125,24.79965820312499],[-112.13022460937499,24.72958984374999],[-112.12626953125,24.654003906249997],[-112.06748046874999,24.583642578124994],[-112.057275390625,24.545703125000003],[-112.07734375,24.534570312499994]]]}},{"type":"Feature","properties":{},"geometry":{"type":"MultiPolygon","coordinates":[[[[-94.785791015625,59.9533203125],[-94.77666015624999,59.478125],[-94.78828125,59.26787109375],[-94.81953125,59.151318359375],[-94.870263671875,59.08798828125],[-94.95732421874999,59.06884765625],[-94.84658203125,59.050341796875],[-94.77617187499999,59.02060546875],[-94.74374999999999,58.975439453125],[-94.71337890625,58.9033203125],[-94.67338867187499,58.8701171875],[-94.62373046875,58.875732421875],[-94.57919921874999,58.86845703125],[-94.539697265625,58.848388671875],[-94.41923828124999,58.745507812499994],[-94.287060546875,58.716015625],[-94.28081054687499,58.658935546875],[-94.33261718749999,58.339111328125],[-94.3322265625,58.29736328125],[-94.27216796875,58.37802734375],[-94.208935546875,58.626367187499994],[-94.123193359375,58.736718749999994],[-94.05576171874999,58.760009765625],[-93.780029296875,58.77255859375],[-93.48618164062499,58.744482421875],[-93.37504882812499,58.741015625],[-93.27812499999999,58.756396484375],[-93.17875976562499,58.725634765625],[-93.15458984374999,58.694580078125],[-93.12651367187499,58.564404296875],[-93.10019531249999,58.48984375],[-92.92514648437499,58.224511718749994],[-92.841748046875,58.07587890625],[-92.73984374999999,57.844042968749996],[-92.70166015625,57.777783203125],[-92.4896484375,57.468603515625],[-92.4494140625,57.38486328125],[-92.4328125,57.3203125],[-92.43979492187499,57.275048828125],[-92.47836914062499,57.2052734375],[-92.548486328125,57.1109375],[-92.61411132812499,57.039013671875],[-92.675244140625,56.989550781249996],[-92.73798828125,56.95263671875],[-92.802392578125,56.9283203125],[-92.79814453124999,56.92197265625],[-92.72529296875,56.933544921875],[-92.65097656249999,56.958300781249996],[-92.51030273437499,57.022314453125],[-92.456298828125,57.03671875],[-92.303369140625,57.045849609375],[-92.298291015625,57.022753906249996],[-92.37211914062499,56.975146484374996],[-92.355712890625,56.97060546875],[-92.2490234375,57.008984375],[-92.018017578125,57.063769531249996],[-91.111279296875,57.2412109375],[-90.8974609375,57.25693359375],[-90.5921875,57.224462890625],[-90.34482421874999,57.149072265625],[-90.0751953125,57.051904296875],[-89.79082031249999,56.98134765625],[-89.34233398437499,56.9154296875],[-89.211572265625,56.883837890624996],[-88.948486328125,56.851318359375],[-88.82646484374999,56.814257812499996],[-88.6798828125,56.725048828125],[-88.44707031249999,56.608691406249996],[-88.27133789062499,56.535693359374996],[-88.07509765625,56.46728515625],[-87.878125,56.341601562499996],[-87.56088867187499,56.05634765625],[-87.482421875,56.021289062499996],[-87.286865234375,55.974658203124996],[-86.919384765625,55.91455078125],[-86.376953125,55.773242187499996],[-86.138671875,55.71787109375],[-85.98447265624999,55.6958984375],[-85.830517578125,55.65693359375],[-85.67666015625,55.60107421875],[-85.559326171875,55.540185546875],[-85.478466796875,55.474267578125],[-85.40727539062499,55.43115234375],[-85.28271484375,55.38330078125],[-85.218017578125,55.348974609375],[-85.21201171874999,55.2974609375],[-85.36201171875,55.095458984375],[-85.36528320312499,55.079296875],[-85.21357421875,55.224365234375],[-85.128857421875,55.2662109375],[-85.0609375,55.28564453125],[-85.0,55.28465281985803],[-85.0,29.732898177294878],[-85.029296875,29.721093749999994],[-85.18603515625,29.707910156249994],[-85.31894531249999,29.680224609374996],[-85.3763671875,29.695214843749994],[-85.413818359375,29.767578125],[-85.413818359375,29.842480468749997],[-85.383447265625,29.785058593749994],[-85.33642578125,29.740136718749994],[-85.314892578125,29.758105468749996],[-85.3068359375,29.7978515625],[-85.35361328124999,29.875732421875],[-85.504296875,29.975781249999997],[-85.67578125,30.121923828125],[-85.623486328125,30.117089843749994],[-85.61025390625,30.148388671874997],[-85.66342773437499,30.189453125],[-85.64096679687499,30.2369140625],[-85.603515625,30.286767578124994],[-85.67587890624999,30.279296875],[-85.74082031249999,30.244384765625],[-85.74296874999999,30.20126953125],[-85.755810546875,30.1669921875],[-85.790771484375,30.17197265625],[-85.8556640625,30.214404296874996],[-86.17514648437499,30.33251953125],[-86.45444335937499,30.399121093749997],[-86.24008789062499,30.429101562499994],[-86.12382812499999,30.405810546874996],[-86.1376953125,30.441552734374994],[-86.165673828125,30.464257812499994],[-86.25737304687499,30.493017578125],[-86.374169921875,30.482080078124994],[-86.44794921875,30.49560546875],[-86.523388671875,30.467089843749996],[-86.60605468749999,30.424707031249994],[-86.679638671875,30.402880859374996],[-86.96762695312499,30.372363281249996],[-87.201171875,30.339257812499994],[-87.163720703125,30.374218749999997],[-87.123779296875,30.396679687499997],[-86.985791015625,30.430859374999997],[-86.96513671874999,30.501904296874997],[-86.99755859375,30.5703125],[-87.03388671875,30.553906249999997],[-87.072021484375,30.500439453124997],[-87.118798828125,30.538964843749994],[-87.17060546875,30.538769531249997],[-87.18466796874999,30.4537109375],[-87.25107421874999,30.396679687499997],[-87.28105468749999,30.339257812499994],[-87.47578125,30.294287109375],[-87.500732421875,30.309277343749997],[-87.44375,30.363818359374996],[-87.44829101562499,30.394140625],[-87.51328124999999,30.368115234374997],[-87.622265625,30.26474609375],[-88.00595703124999,30.230908203124997],[-87.985009765625,30.25439453125],[-87.90400390625,30.259082031249996],[-87.790283203125,30.291796874999996],[-87.81328124999999,30.346874999999997],[-87.85712890625,30.407421874999997],[-87.897607421875,30.41416015625],[-87.92431640625,30.449658203124997],[-87.922998046875,30.5615234375],[-87.948876953125,30.626904296874997],[-88.01132812499999,30.694189453125],[-88.032421875,30.68125],[-88.078369140625,30.566210937499996],[-88.11655273437499,30.415332031249996],[-88.13544921875,30.366601562499994],[-88.24921875,30.363183593749994],[-88.34990234374999,30.373486328124997],[-88.69208984375,30.355371093749994],[-88.81992187499999,30.406494140625],[-88.87294921875,30.416308593749996],[-88.905224609375,30.41513671875],[-89.05405273437499,30.36826171875],[-89.2236328125,30.332373046875],[-89.26357421875,30.343652343749994],[-89.320556640625,30.3453125],[-89.443505859375,30.22314453125],[-89.58847656249999,30.165966796874997],[-89.954248046875,30.268749999999997],[-90.04521484374999,30.351416015625],[-90.1259765625,30.369091796874997],[-90.22529296875,30.379296874999994],[-90.331982421875,30.277587890625],[-90.413037109375,30.140332031249997],[-90.28496093749999,30.065087890624994],[-90.17534179687499,30.029101562499996],[-89.99418945312499,30.059277343749997],[-89.89404296875,30.125878906249994],[-89.812255859375,30.123681640624994],[-89.77314453125,30.13720703125],[-89.737451171875,30.17197265625],[-89.66752929687499,30.14453125],[-89.6650390625,30.117041015625],[-89.71469726562499,30.078320312499997],[-89.77724609375,30.045703124999996],[-89.815185546875,30.007275390624997],[-89.743798828125,29.929833984374994],[-89.63168945312499,29.90380859375],[-89.589501953125,29.9150390625],[-89.56337890625,30.002099609374994],[-89.49443359374999,30.058154296874996],[-89.40073242187499,30.046044921874994],[-89.4140625,30.010888671874994],[-89.40092773437499,29.977685546874994],[-89.357861328125,29.92099609375],[-89.36279296875,29.839794921874997],[-89.354443359375,29.820214843749994],[-89.45541992187499,29.784374999999997],[-89.5306640625,29.772216796875],[-89.59086914062499,29.725292968749997],[-89.559326171875,29.698046874999996],[-89.62065429687499,29.674121093749996],[-89.662109375,29.68369140625],[-89.68295898437499,29.674853515624996],[-89.689208984375,29.646044921874996],[-89.7208984375,29.619287109374994],[-89.6748046875,29.538671875],[-89.580322265625,29.486035156249997],[-89.513671875,29.420068359374994],[-89.24570312499999,29.333203124999997],[-89.18076171874999,29.335693359375],[-89.116845703125,29.248242187499997],[-89.06533203125,29.218164062499994],[-89.01572265624999,29.202880859375],[-89.02138671875,29.142724609374994],[-89.109521484375,29.098681640624996],[-89.13334960937499,29.046142578125],[-89.155517578125,29.0166015625],[-89.195263671875,29.054003906249996],[-89.236083984375,29.081103515624996],[-89.33056640625,28.998681640624994],[-89.376123046875,28.981347656249994],[-89.353515625,29.070214843749994],[-89.38920898437499,29.105029296874996],[-89.44316406249999,29.194140624999996],[-89.52177734374999,29.249267578125],[-89.5771484375,29.267529296874997],[-89.620263671875,29.302392578124994],[-89.67246093749999,29.31650390625],[-89.7169921875,29.312890624999994],[-89.7923828125,29.333203124999997],[-89.79736328125,29.380615234375],[-89.81826171875,29.41611328125],[-89.87724609374999,29.4580078125],[-90.15908203125,29.537158203124996],[-90.160791015625,29.50439453125],[-90.141259765625,29.479736328125],[-90.10078125,29.463330078124997],[-90.05234374999999,29.431396484375],[-90.05278320312499,29.336816406249994],[-90.07373046875,29.296777343749994],[-90.08271484375,29.23974609375],[-90.10136718749999,29.181787109374994],[-90.13583984374999,29.136083984375],[-90.21279296875,29.104931640624997],[-90.246728515625,29.131005859374994],[-90.30161132812499,29.255810546874997],[-90.37919921874999,29.295117187499997],[-90.50249023437499,29.299755859374997],[-90.58623046874999,29.271533203124996],[-90.677490234375,29.150634765625],[-90.75102539062499,29.130859375],[-91.00273437499999,29.193505859374994],[-91.29013671874999,29.288964843749994],[-91.28271484375,29.320751953124997],[-91.2375,29.330957031249994],[-91.15078125,29.317919921874996],[-91.15537109374999,29.35068359375],[-91.24399414062499,29.457324218749996],[-91.26025390625,29.50546875],[-91.24882812499999,29.564208984375],[-91.277734375,29.562890624999994],[-91.33095703125,29.513574218749994],[-91.51420898437499,29.555371093749997],[-91.56479492187499,29.605322265625],[-91.67246093749999,29.74609375],[-91.8244140625,29.750683593749997],[-91.89316406249999,29.83603515625],[-92.017333984375,29.80029296875],[-92.080224609375,29.7607421875],[-92.135498046875,29.699462890625],[-92.11396484375,29.667675781249997],[-92.05888671874999,29.6171875],[-92.08403320312499,29.592822265624996],[-92.26083984374999,29.556835937499997],[-92.6712890625,29.597070312499994],[-92.79130859374999,29.634667968749994],[-92.952392578125,29.714160156249996],[-93.17568359375,29.778955078124994],[-93.283203125,29.789404296875],[-93.38847656249999,29.776562499999997],[-93.69482421875,29.769921874999994],[-93.76591796874999,29.752685546875],[-93.82646484374999,29.725146484374996],[-93.86572265625,29.755615234375],[-93.88388671874999,29.810009765624997],[-93.84833984375,29.81884765625],[-93.8087890625,29.850830078125],[-93.773095703125,29.9140625],[-93.76904296875,29.952294921874994],[-93.79399414062499,29.977246093749997],[-93.841455078125,29.979736328125],[-93.9462890625,29.814990234374996],[-93.886376953125,29.72265625],[-93.89047851562499,29.689355468749994],[-94.09965820312499,29.67041015625],[-94.574462890625,29.484521484374994],[-94.75961914062499,29.38427734375],[-94.750146484375,29.418017578124996],[-94.52626953125,29.54794921875],[-94.60532226562499,29.567822265624997],[-94.7326171875,29.535351562499997],[-94.778271484375,29.5478515625],[-94.724365234375,29.6552734375],[-94.741943359375,29.75],[-94.83232421874999,29.752587890624994],[-94.889892578125,29.676953124999997],[-94.9298828125,29.68017578125],[-94.98227539062499,29.712597656249997],[-95.0228515625,29.702343749999997],[-94.992822265625,29.530957031249997],[-94.93588867187499,29.46044921875],[-94.88828124999999,29.370556640624997],[-95.018310546875,29.259472656249997],[-95.1390625,29.167822265625],[-95.15214843749999,29.079248046874994],[-95.27348632812499,28.9638671875],[-95.387646484375,28.8984375],[-95.65585937499999,28.74462890625],[-95.732373046875,28.711718749999996],[-95.85341796875,28.640332031249997],[-96.02041015625,28.586816406249994],[-96.18051757812499,28.501855468749994],[-96.234521484375,28.488964843749997],[-96.132275390625,28.560888671875],[-96.01103515624999,28.63193359375],[-96.11503906249999,28.622216796874994],[-96.275341796875,28.655126953125],[-96.3734375,28.657031249999996],[-96.37412109374999,28.631103515625],[-96.44873046875,28.594482421875],[-96.526025390625,28.648291015625],[-96.559716796875,28.684472656249994],[-96.57568359375,28.715722656249994],[-96.60849609374999,28.723291015624994],[-96.6400390625,28.708789062499996],[-96.524658203125,28.488720703124997],[-96.47548828125,28.479199218749997],[-96.42109375,28.457324218749996],[-96.48881835937499,28.406054687499996],[-96.56171875,28.367138671874997],[-96.67636718749999,28.34130859375],[-96.77353515624999,28.421630859375],[-96.794580078125,28.320849609374996],[-96.806884765625,28.22021484375],[-96.839501953125,28.194384765624996],[-96.8916015625,28.157568359375],[-96.919873046875,28.185351562499996],[-96.93330078125,28.224267578124994],[-96.96665039062499,28.18955078125],[-97.01547851562499,28.163476562499994],[-97.09604492187499,28.158251953124996],[-97.156494140625,28.144335937499996],[-97.15507812499999,28.10263671875],[-97.141259765625,28.060742187499997],[-97.034326171875,28.09384765625],[-97.07309570312499,27.986083984375],[-97.17143554687499,27.879589843749997],[-97.25156249999999,27.854443359374997],[-97.37412109374999,27.870019531249994],[-97.40439453124999,27.859326171874997],[-97.43149414062499,27.837207031249996],[-97.288720703125,27.670605468749997],[-97.38046874999999,27.419335937499994],[-97.439111328125,27.328271484374994],[-97.47978515624999,27.316601562499997],[-97.523876953125,27.31396484375],[-97.68212890625,27.394921874999994],[-97.76845703125,27.45751953125],[-97.6923828125,27.287158203124996],[-97.485107421875,27.23740234375],[-97.47451171875,27.17294921875],[-97.47568359374999,27.117871093749997],[-97.51650390625,27.05322265625],[-97.5546875,26.967333984374996],[-97.526513671875,26.907519531249996],[-97.493798828125,26.759619140625],[-97.4658203125,26.691748046875],[-97.43505859375,26.48583984375],[-97.40234375,26.396533203124996],[-97.21391601562499,26.06787109375],[-97.150390625,26.065332031249994],[-97.14018554687499,26.029736328124997],[-97.146240234375,25.961474609375003],[-97.164453125,25.754931640625003],[-97.22490234374999,25.58544921875],[-97.424072265625,25.233105468749997],[-97.507080078125,25.014550781249994],[-97.66767578125,24.38999023437499],[-97.717041015625,23.980615234374994],[-97.72861328124999,23.78793945312499],[-97.74267578125,23.760644531249994],[-97.72739257812499,23.732226562500003],[-97.765869140625,23.30615234375],[-97.74521484374999,22.9423828125],[-97.75834960937499,22.886035156250003],[-97.81669921874999,22.776318359374997],[-97.8578125,22.62451171875],[-97.84160156249999,22.557080078124997],[-97.84248046875,22.510302734375003],[-97.782373046875,22.279296875],[-97.76328124999999,22.105859374999994],[-97.58476562499999,21.808544921874997],[-97.484521484375,21.704833984375],[-97.36015624999999,21.614941406249997],[-97.31450195312499,21.564208984375],[-97.336865234375,21.437890624999994],[-97.38754882812499,21.373925781249994],[-97.4091796875,21.27255859374999],[-97.43413085937499,21.356494140625003],[-97.42441406249999,21.46533203125],[-97.38481445312499,21.523828124999994],[-97.383447265625,21.566699218750003],[-97.45659179687499,21.61240234374999],[-97.59038085937499,21.762011718750003],[-97.75380859375,22.026660156250003],[-97.63754882812499,21.603662109374994],[-97.597607421875,21.535888671875],[-97.566552734375,21.507714843749994],[-97.51455078125,21.477978515624997],[-97.50107421874999,21.432031249999994],[-97.50058593749999,21.39804687499999],[-97.35712890625,21.10400390625],[-97.194970703125,20.800097656250003],[-97.18632812499999,20.717041015625],[-97.12143554687499,20.614990234375],[-96.70869140625,20.188281250000003],[-96.4560546875,19.869775390624994],[-96.368359375,19.56723632812499],[-96.31533203125,19.472851562499997],[-96.28955078125,19.34375],[-96.123974609375,19.19907226562499],[-96.073388671875,19.105664062499997],[-95.98466796874999,19.053759765625003],[-95.913037109375,18.897167968749997],[-95.77812499999999,18.80551757812499],[-95.81035156249999,18.803857421874994],[-95.92822265625,18.85009765625],[-95.920361328125,18.819580078125],[-95.82109374999999,18.754638671875],[-95.62680664062499,18.690576171874994],[-95.5783203125,18.6904296875],[-95.654931640625,18.723681640625003],[-95.71982421874999,18.768359375000003],[-95.69711914062499,18.77490234375],[-95.56142578125,18.719140624999994],[-95.1818359375,18.700732421875003],[-95.01469726562499,18.570605468750003],[-94.79814453124999,18.514599609374997],[-94.681640625,18.34848632812499],[-94.54619140624999,18.174853515625003],[-94.45976562499999,18.166650390624994],[-94.39228515625,18.165966796874997],[-94.18901367187499,18.195263671874997],[-93.87314453124999,18.304443359375],[-93.764404296875,18.35791015625],[-93.55234374999999,18.430468750000003],[-93.2279296875,18.443798828124997],[-93.12734375,18.42343749999999],[-92.884765625,18.468652343749994],[-92.76909179687499,18.524121093749997],[-92.728955078125,18.574511718750003],[-92.710107421875,18.61166992187499],[-92.485302734375,18.664794921875],[-92.44101562499999,18.67529296875],[-92.21318359374999,18.684863281250003],[-92.10322265625,18.704394531250003],[-91.973779296875,18.715869140625003],[-91.88037109375,18.63779296874999],[-91.88046874999999,18.599658203125003],[-91.94267578124999,18.563427734374997],[-91.91357421875,18.528515624999997],[-91.802978515625,18.470605468749994],[-91.59970703124999,18.447167968749994],[-91.53398437499999,18.45654296875],[-91.44047851562499,18.54184570312499],[-91.27524414062499,18.624462890624997],[-91.278759765625,18.720654296874997],[-91.30830078125,18.77329101562499],[-91.35629882812499,18.776562499999997],[-91.36777343749999,18.806103515624997],[-91.334228515625,18.87680664062499],[-91.34306640624999,18.900585937499997],[-91.445556640625,18.832812500000003],[-91.469189453125,18.8330078125],[-91.45786132812499,18.864648437499994],[-91.436669921875,18.889794921874994],[-91.1359375,19.037499999999994],[-91.05893554687499,19.098193359375003],[-90.955029296875,19.151660156250003],[-90.7392578125,19.352246093749997],[-90.69316406249999,19.729882812499994],[-90.65009765625,19.795947265625003],[-90.507080078125,19.911865234375],[-90.49169921875,19.94677734375],[-90.482421875,20.02573242187499],[-90.48637695312499,20.224023437499994],[-90.47832031249999,20.37998046874999],[-90.484130859375,20.556347656249997],[-90.458447265625,20.71372070312499],[-90.43515624999999,20.757519531249997],[-90.35312499999999,21.009423828124994],[-90.18291015624999,21.120898437500003],[-89.887646484375,21.252636718749997],[-89.819775390625,21.274609374999997],[-88.87871093749999,21.414111328125003],[-88.74667968749999,21.448144531249994],[-88.584912109375,21.53867187499999],[-88.46669921875,21.569384765625003],[-88.25102539062499,21.56689453125],[-88.184765625,21.57895507812499],[-88.17172851562499,21.591455078124994],[-88.17138671875,21.603515625],[-88.13164062499999,21.615869140624994],[-88.0068359375,21.604052734375003],[-87.77373046874999,21.549511718749997],[-87.68881835937499,21.535839843749997],[-87.48046875,21.472460937500003],[-87.25087890625,21.446972656249997],[-87.217919921875,21.4580078125],[-87.18759765624999,21.477294921875],[-87.164306640625,21.514208984375003],[-87.18828124999999,21.546435546875003],[-87.210595703125,21.5439453125],[-87.249462890625,21.526611328125],[-87.29575195312499,21.524951171875003],[-87.386669921875,21.551464843749997],[-87.36850585937499,21.57373046875],[-87.27573242187499,21.57163085937499],[-87.216455078125,21.582421874999994],[-87.12846679687499,21.621484374999994],[-87.03476562499999,21.592236328124997],[-86.91171874999999,21.462841796874997],[-86.82407226562499,21.421679687500003],[-86.81708984375,21.23422851562499],[-86.803857421875,21.20004882812499],[-86.77177734374999,21.150537109374994],[-86.81552734374999,21.00522460937499],[-86.864697265625,20.885058593750003],[-86.926220703125,20.78647460937499],[-87.0595703125,20.631249999999994],[-87.22124023437499,20.507275390624997],[-87.42138671875,20.231396484374997],[-87.4671875,20.10214843749999],[-87.4658203125,19.99853515625],[-87.43193359374999,19.898486328125003],[-87.44174804687499,19.861523437499997],[-87.4662109375,19.824169921874997],[-87.50688476562499,19.82749023437499],[-87.58579101562499,19.779492187499997],[-87.6876953125,19.637109374999994],[-87.690087890625,19.593701171874997],[-87.64531249999999,19.553906249999997],[-87.5873046875,19.572998046875],[-87.511669921875,19.57470703125],[-87.469384765625,19.586474609375003],[-87.424755859375,19.58334960937499],[-87.434716796875,19.501708984375],[-87.482666015625,19.443749999999994],[-87.512890625,19.425585937500003],[-87.56699218749999,19.415722656249997],[-87.62753906249999,19.382714843749994],[-87.65869140625,19.352343750000003],[-87.65576171875,19.257861328125003],[-87.6220703125,19.25048828125],[-87.55078125,19.320947265624994],[-87.50947265625,19.31748046874999],[-87.50107421874999,19.287792968749997],[-87.59355468749999,19.04638671875],[-87.65302734375,18.798535156249997],[-87.733544921875,18.655029296875],[-87.76181640624999,18.44614257812499],[-87.8041015625,18.357080078124994],[-87.85322265625,18.268994140624997],[-87.881982421875,18.273876953124997],[-87.95966796875,18.440869140624997],[-88.0390625,18.48388671875],[-88.05644531249999,18.524462890625003],[-88.0111328125,18.726855468750003],[-88.03173828125,18.838916015625003],[-88.07377929687499,18.83447265625],[-88.12675781249999,18.77304687499999],[-88.19677734375,18.719677734374997],[-88.1953125,18.642626953125003],[-88.27573242187499,18.514550781249994],[-88.295654296875,18.472412109375],[-88.349267578125,18.358837890624997],[-88.295654296875,18.34409179687499],[-88.247265625,18.354687499999997],[-88.1302734375,18.350732421874994],[-88.08525390624999,18.226123046875003],[-88.09721679687499,18.121630859375003],[-88.207470703125,17.846093749999994],[-88.221435546875,17.751367187499994],[-88.271728515625,17.60986328125],[-88.20346679687499,17.5166015625],[-88.26718749999999,17.392578125],[-88.288818359375,17.312695312499997],[-88.29399414062499,17.192138671875],[-88.26181640624999,16.963037109374994],[-88.313427734375,16.632763671874997],[-88.404541015625,16.48862304687499],[-88.4611328125,16.433789062499997],[-88.56230468749999,16.290429687499994],[-88.69516601562499,16.24765624999999],[-88.8791015625,16.016650390625003],[-88.91171874999999,15.956005859374997],[-88.89404296875,15.890625],[-88.839990234375,15.868994140624991],[-88.79833984375,15.862499999999997],[-88.708642578125,15.806542968749994],[-88.60336914062499,15.76416015625],[-88.53623046874999,15.849609375],[-88.57158203124999,15.901074218749997],[-88.59799804687499,15.927343749999991],[-88.5939453125,15.950292968749991],[-88.22832031249999,15.72900390625],[-88.131103515625,15.701025390624991],[-88.05458984375,15.764843749999997],[-88.010400390625,15.786181640625003],[-87.90703124999999,15.862597656250003],[-87.874951171875,15.879345703124997],[-87.70185546875,15.91064453125],[-87.6181640625,15.909863281249997],[-87.54497070312499,15.832373046874991],[-87.48691406249999,15.790185546874994],[-87.37749023437499,15.826464843750003],[-87.285888671875,15.834423828124997],[-86.9072265625,15.762353515624994],[-86.75703125,15.794238281250003],[-86.48081054687499,15.801074218750003],[-86.356640625,15.783203125],[-86.18120117187499,15.885156249999994],[-86.0685546875,15.905664062499994],[-85.936279296875,15.953417968750003],[-85.95390624999999,16.002246093750003],[-85.98564453124999,16.024169921875],[-85.78398437499999,16.002832031249994],[-85.48369140624999,15.899511718749991],[-85.16367187499999,15.918164062499997],[-85.0482421875,15.973974609374991],[-85.0,15.984280607490982],[-85.0,10.098250398559285],[-85.025048828125,10.11572265625],[-85.1984375,10.1953125],[-85.23564453124999,10.242089843749994],[-85.26318359375,10.256640624999989],[-85.2365234375,10.107373046874997],[-85.16074218749999,10.017431640624991],[-85.0,9.949233179228843],[-85.0,9.700612676711286],[-85.00126953124999,9.699267578124989],[-85.059716796875,9.668310546874991],[-85.07705078125,9.601953124999994],[-85.114501953125,9.581787109375],[-85.15400390625,9.620068359374997],[-85.31455078124999,9.810937499999994],[-85.62485351562499,9.902441406249991],[-85.68100585937499,9.958593749999991],[-85.79648437499999,10.132861328124989],[-85.84965820312499,10.292041015624989],[-85.83061523437499,10.398144531249997],[-85.703125,10.5634765625],[-85.663330078125,10.635449218749997],[-85.67143554687499,10.679785156249991],[-85.667236328125,10.745019531249994],[-85.71484375,10.790576171874989],[-85.83286132812499,10.849951171874991],[-85.90800781249999,10.897558593749991],[-85.88740234375,10.921289062499994],[-85.75224609374999,10.985253906249994],[-85.74370117187499,11.04296875],[-85.7443359375,11.062109374999991],[-85.74521484374999,11.088574218749997],[-85.828515625,11.19873046875],[-85.9611328125,11.331347656249989],[-86.468896484375,11.73828125],[-86.655517578125,11.981542968749991],[-86.755615234375,12.156640624999994],[-86.8509765625,12.247753906249997],[-87.1251953125,12.434130859374989],[-87.188427734375,12.508349609374989],[-87.46015625,12.757568359375],[-87.66752929687499,12.903564453125],[-87.670166015625,12.965673828124991],[-87.58505859374999,13.043310546874991],[-87.54331054687499,13.039697265624994],[-87.49794921875,12.984179687499989],[-87.42436523437499,12.921142578125],[-87.3896484375,12.920654296875],[-87.33857421875,12.949951171875],[-87.33725585937499,12.979248046875],[-87.33251953125,13.084716796875],[-87.41279296875,13.12744140625],[-87.458447265625,13.215429687499991],[-87.49838867187499,13.27490234375],[-87.48515624999999,13.310595703125003],[-87.48911132812499,13.352929687499994],[-87.60224609375,13.385595703124991],[-87.70834960937499,13.360058593749997],[-87.76938476562499,13.376660156249997],[-87.814208984375,13.399169921875],[-87.83837890625,13.385791015625003],[-87.820703125,13.28515625],[-87.878076171875,13.224414062500003],[-87.930859375,13.1806640625],[-88.0234375,13.168749999999989],[-88.1806640625,13.164013671874997],[-88.417138671875,13.213525390624994],[-88.591552734375,13.281054687500003],[-88.68564453124999,13.281494140625],[-88.65585937499999,13.259179687499994],[-88.58154296875,13.244970703124991],[-88.48388671875,13.197167968749994],[-88.51201171874999,13.183935546874991],[-88.86704101562499,13.283251953125003],[-89.27763671874999,13.478076171875003],[-89.52324218749999,13.509130859374991],[-89.80419921875,13.560107421875003],[-89.970458984375,13.683154296875003],[-90.09521484375,13.736523437499997],[-90.47910156249999,13.900927734375003],[-90.60693359375,13.929003906250003],[-91.14604492187499,13.925585937500003],[-91.37734375,13.990185546874997],[-91.64091796874999,14.114941406249997],[-91.819091796875,14.228222656249997],[-92.23515624999999,14.54541015625],[-92.26455078125,14.567773437499994],[-92.53095703125,14.839648437500003],[-92.80893554687499,15.138574218749994],[-92.918408203125,15.236132812500003],[-93.0244140625,15.310253906249997],[-93.16689453125,15.448046875000003],[-93.541162109375,15.750390624999994],[-93.734375,15.888476562500003],[-93.91606445312499,16.05356445312499],[-94.07895507812499,16.145263671875],[-94.239892578125,16.205078125],[-94.311279296875,16.23935546874999],[-94.374169921875,16.28476562499999],[-94.40903320312499,16.287353515625],[-94.426416015625,16.226269531249997],[-94.37016601562499,16.19541015624999],[-94.30283203124999,16.169335937499994],[-94.24951171875,16.167529296875003],[-94.19340820312499,16.14560546874999],[-94.0283203125,16.062060546875003],[-94.00126953124999,16.018945312499994],[-94.47075195312499,16.186572265625003],[-94.6615234375,16.201904296875],[-94.682275390625,16.228222656249997],[-94.587109375,16.315820312499994],[-94.616845703125,16.347558593749994],[-94.65078125,16.351806640625],[-94.75283203125,16.291210937499997],[-94.79082031249999,16.287158203125003],[-94.79746093749999,16.327050781249994],[-94.792919921875,16.36459960937499],[-94.85869140624999,16.419726562500003],[-94.90043945312499,16.41748046875],[-94.934716796875,16.379101562499997],[-95.02353515624999,16.30624999999999],[-95.02084960937499,16.277636718750003],[-94.84604492187499,16.24658203125],[-94.785791015625,16.22910156249999],[-94.79941406249999,16.209667968749997],[-94.94931640624999,16.210009765625003],[-95.13437499999999,16.176953124999997],[-95.46440429687499,15.974707031249991],[-95.77177734374999,15.887792968749991],[-96.21357421875,15.693066406249997],[-96.408642578125,15.68310546875],[-96.51083984374999,15.651904296875003],[-96.80795898437499,15.726416015624991],[-97.18466796874999,15.909277343749991],[-97.75478515625,15.966845703125003],[-98.13896484374999,16.206298828125],[-98.52031249999999,16.304833984374994],[-98.76220703125,16.53476562499999],[-98.907958984375,16.544580078124994],[-99.00166015625,16.581445312499994],[-99.348046875,16.664746093749997],[-99.690673828125,16.719628906249994],[-100.02451171874999,16.92050781249999],[-100.24301757812499,16.984179687500003],[-100.431884765625,17.06406249999999],[-100.847802734375,17.200488281250003],[-101.001953125,17.276123046875],[-101.1478515625,17.393115234375003],[-101.385498046875,17.514208984375003],[-101.487060546875,17.61533203124999],[-101.60029296875,17.651562499999997],[-101.76240234375,17.841992187499997],[-101.8470703125,17.922265624999994],[-101.918701171875,17.959765625000003],[-101.9955078125,17.972705078125003],[-102.21660156249999,17.957421874999994],[-102.54697265624999,18.041406249999994],[-102.69956054687499,18.06284179687499],[-103.018505859375,18.18686523437499],[-103.4416015625,18.325390624999997],[-103.5802734375,18.484375],[-103.69892578125,18.632958984374994],[-103.91245117187499,18.82846679687499],[-104.045654296875,18.911816406249997],[-104.277001953125,19.010986328125],[-104.40517578125,19.091210937499994],[-104.602978515625,19.152880859375003],[-104.9384765625,19.309375000000003],[-105.04521484375,19.443261718749994],[-105.107666015625,19.562207031249997],[-105.286376953125,19.706494140624997],[-105.482080078125,19.97607421875],[-105.532421875,20.075390624999997],[-105.57041015624999,20.227832031250003],[-105.61591796875,20.316308593749994],[-105.66943359375,20.38559570312499],[-105.642138671875,20.435986328124997],[-105.54257812499999,20.497949218749994],[-105.37705078124999,20.511865234374994],[-105.26015625,20.579052734374997],[-105.244677734375,20.634179687499994],[-105.25229492187499,20.668505859375003],[-105.32705078125,20.752978515625003],[-105.4201171875,20.775390625],[-105.4923828125,20.776611328125],[-105.51083984374999,20.808740234374994],[-105.45634765625,20.843798828125003],[-105.393994140625,20.92612304687499],[-105.301953125,21.026562499999997],[-105.237060546875,21.119189453125003],[-105.225,21.249707031249997],[-105.23325195312499,21.380419921875003],[-105.20869140625,21.49082031249999],[-105.4314453125,21.61826171874999],[-105.457421875,21.67246093749999],[-105.52744140624999,21.81845703124999],[-105.64912109375,21.988085937500003],[-105.6455078125,22.326904296875],[-105.791796875,22.627490234375003],[-105.943359375,22.777001953124994],[-106.021728515625,22.829052734374997],[-106.2345703125,23.060937499999994],[-106.40224609375,23.195605468750003],[-106.56650390624999,23.449462890625],[-106.728759765625,23.61069335937499],[-106.935498046875,23.881249999999994],[-107.08486328125,24.01611328125],[-107.76494140625,24.471923828125],[-107.726611328125,24.471923828125],[-107.52724609375,24.360058593749997],[-107.493701171875,24.369384765625],[-107.488916015625,24.423974609374994],[-107.5119140625,24.489160156249994],[-107.548876953125,24.504785156249994],[-107.602001953125,24.490136718749994],[-107.67368164062499,24.503564453124994],[-107.709521484375,24.525048828124994],[-107.81669921875,24.539013671874997],[-107.951171875,24.614892578124994],[-108.0087890625,24.693554687499997],[-108.015087890625,24.783398437499997],[-108.207666015625,24.974804687499997],[-108.28076171875,25.08154296875],[-108.243310546875,25.073681640624997],[-108.192041015625,25.030664062499994],[-108.140087890625,25.01840820312499],[-108.079638671875,25.01806640625],[-108.035693359375,25.035351562499997],[-108.05146484375,25.067041015624994],[-108.092822265625,25.093505859375],[-108.373681640625,25.1943359375],[-108.466259765625,25.26513671875],[-108.69638671874999,25.38291015624999],[-108.7509765625,25.424218749999994],[-108.787255859375,25.538037109374997],[-108.84360351562499,25.54331054687499],[-108.89316406249999,25.51157226562499],[-109.02880859375,25.48046875],[-109.0634765625,25.51669921874999],[-109.06845703124999,25.551562500000003],[-108.97275390624999,25.58847656249999],[-108.88486328124999,25.696044921875],[-108.88657226562499,25.733447265625003],[-108.93515624999999,25.69028320312499],[-109.008349609375,25.641992187499994],[-109.08408203124999,25.615039062500003],[-109.196484375,25.592529296875],[-109.253955078125,25.608789062499994],[-109.30429687499999,25.63315429687499],[-109.3849609375,25.72714843749999],[-109.42563476562499,26.032568359375],[-109.354150390625,26.138476562499996],[-109.270654296875,26.243115234374997],[-109.19970703125,26.305224609374996],[-109.15878906249999,26.258349609374996],[-109.11669921875,26.252734374999996],[-109.14633789062499,26.305712890624996],[-109.216015625,26.355273437499996],[-109.240625,26.404687499999994],[-109.24326171874999,26.449951171875],[-109.27626953125,26.533886718749997],[-109.482861328125,26.710351562499994],[-109.67607421875,26.696826171874996],[-109.75478515625,26.702929687499996],[-109.828369140625,26.7701171875],[-109.89091796875,26.8833984375],[-109.92172851562499,26.978173828124994],[-109.92563476562499,27.028662109375],[-109.943994140625,27.079345703125],[-110.2771484375,27.16220703125],[-110.37729492187499,27.233300781249994],[-110.477783203125,27.322656249999994],[-110.51938476562499,27.39560546875],[-110.56064453124999,27.450146484374997],[-110.59267578125,27.544335937499994],[-110.615478515625,27.65390625],[-110.578271484375,27.795654296875],[-110.52988281249999,27.864208984374997],[-110.759033203125,27.915185546874994],[-110.8486328125,27.917578125],[-110.92080078125,27.888867187499997],[-110.986083984375,27.925976562499997],[-111.12138671875,27.966992187499997],[-111.282421875,28.115234375],[-111.4716796875,28.383984374999997],[-111.680078125,28.470556640625],[-111.747216796875,28.56396484375],[-111.832421875,28.648144531249997],[-111.90703125,28.752490234374996],[-111.918603515625,28.797900390624996],[-111.9408203125,28.823193359374997],[-112.044873046875,28.895898437499994],[-112.161767578125,29.018896484375],[-112.192041015625,29.117968749999996],[-112.22348632812499,29.269482421874997],[-112.301416015625,29.322900390624994],[-112.37822265625,29.347705078124996],[-112.393212890625,29.419726562499996],[-112.388671875,29.460107421874994],[-112.41455078125,29.536425781249996],[-112.572900390625,29.719531249999996],[-112.653125,29.870068359374997],[-112.69716796875,29.916845703125],[-112.73837890624999,29.98544921875],[-112.759228515625,30.125683593749997],[-112.82480468749999,30.300146484375],[-112.95175781249999,30.510009765625],[-113.057666015625,30.651025390624994],[-113.11044921874999,30.793310546875],[-113.08701171874999,30.9380859375],[-113.10498046875,31.027197265625],[-113.118603515625,31.048095703125],[-113.107958984375,31.077294921874994],[-113.072802734375,31.060888671875],[-113.042919921875,31.08701171875],[-113.04672851562499,31.179248046874996],[-113.083642578125,31.207177734374994],[-113.186181640625,31.236035156249997],[-113.2314453125,31.25595703125],[-113.48081054687499,31.293603515624994],[-113.623486328125,31.345898437499997],[-113.6330078125,31.467626953125],[-113.699951171875,31.523339843749994],[-113.759423828125,31.557763671874994],[-113.94775390625,31.629345703124997],[-113.977490234375,31.592724609374997],[-114.002685546875,31.525146484375],[-114.08090820312499,31.5103515625],[-114.14931640625,31.507373046874996],[-114.2640625,31.554443359375],[-114.54868164062499,31.733544921874994],[-114.6087890625,31.762255859374996],[-114.69760742187499,31.77744140625],[-114.74130859374999,31.806494140625],[-114.93359375,31.900732421875],[-114.895068359375,31.850634765624996],[-114.839501953125,31.798535156249997],[-114.78989257812499,31.647119140624994],[-114.84814453125,31.537939453125],[-114.881884765625,31.156396484374994],[-114.844677734375,31.080468749999994],[-114.76103515625,30.958740234375],[-114.703369140625,30.765185546874996],[-114.68544921875,30.62119140625],[-114.63330078125,30.506884765624996],[-114.64975585937499,30.238134765625],[-114.629931640625,30.156298828124996],[-114.55048828125,30.022265624999996],[-114.40341796874999,29.896484375],[-114.372607421875,29.830224609374994],[-114.17919921875,29.734326171874997],[-114.0619140625,29.609521484374994],[-113.82895507812499,29.439453125],[-113.75546874999999,29.367480468749996],[-113.5453125,29.102246093749997],[-113.5384765625,29.023388671874997],[-113.49970703125,28.926708984374997],[-113.3818359375,28.946679687499994],[-113.32890625,28.873046875],[-113.335009765625,28.839062499999997],[-113.320703125,28.813134765624994],[-113.25888671874999,28.81884765625],[-113.20556640625,28.798779296874997],[-113.09365234375,28.511767578124996],[-113.03359375,28.472607421874997],[-112.95664062499999,28.455859374999996],[-112.870849609375,28.424218749999994],[-112.865234375,28.350634765624996],[-112.86845703125,28.2919921875],[-112.795703125,28.20712890625],[-112.808056640625,28.092187499999994],[-112.74931640625,27.994873046875],[-112.758203125,27.900634765625],[-112.734033203125,27.825976562499996],[-112.55263671875,27.657470703125],[-112.32919921874999,27.5234375],[-112.2826171875,27.347460937499996],[-112.191455078125,27.186669921874994],[-112.09814453125,27.145947265624997],[-112.003955078125,27.0791015625],[-112.015576171875,27.009716796874997],[-112.00908203125,26.967089843749996],[-111.88315429687499,26.840185546875],[-111.86264648437499,26.678515624999996],[-111.75400390624999,26.572705078124997],[-111.723388671875,26.564404296874997],[-111.6994140625,26.580957031249994],[-111.778515625,26.687255859375],[-111.816845703125,26.756249999999994],[-111.82177734375,26.865087890625],[-111.79526367187499,26.879687499999996],[-111.56967773437499,26.7076171875],[-111.5458984375,26.57919921875],[-111.470166015625,26.506640624999996],[-111.464501953125,26.408447265625],[-111.418505859375,26.349951171875],[-111.40458984375,26.265039062499994],[-111.33212890624999,26.125439453124997],[-111.33037109375,25.931347656249997],[-111.29160156249999,25.789794921875],[-111.149560546875,25.57260742187499],[-111.034423828125,25.52695312499999],[-111.013623046875,25.420312499999994],[-110.8939453125,25.144238281249997],[-110.7556640625,24.994580078124997],[-110.686767578125,24.86767578125],[-110.67724609375,24.788525390624997],[-110.72900390625,24.671533203124994],[-110.734521484375,24.58984375],[-110.659326171875,24.341455078124994],[-110.54697265624999,24.214160156250003],[-110.42148437499999,24.183398437500003],[-110.399658203125,24.16513671874999],[-110.409619140625,24.13095703124999],[-110.367431640625,24.100488281249994],[-110.319970703125,24.139453125000003],[-110.296826171875,24.194873046875003],[-110.32089843749999,24.259179687499994],[-110.32509765625,24.305957031250003],[-110.303759765625,24.33945312499999],[-110.262890625,24.344531250000003],[-110.02280273437499,24.174609375000003],[-109.98251953124999,24.109375],[-109.89316406249999,24.033007812500003],[-109.811328125,23.939013671875003],[-109.77597656249999,23.864892578124994],[-109.71054687499999,23.80380859374999],[-109.6765625,23.661572265624997],[-109.50961914062499,23.597900390625],[-109.420849609375,23.480126953124994],[-109.414990234375,23.405566406250003],[-109.458056640625,23.214746093749994],[-109.49570312499999,23.159814453124994],[-109.63046874999999,23.078662109375003],[-109.72841796875,22.981835937499994],[-109.823046875,22.922167968750003],[-109.92343749999999,22.885888671874994],[-110.00625,22.89404296875],[-110.08603515624999,23.00546874999999],[-110.180615234375,23.341503906249997],[-110.244091796875,23.412255859374994],[-110.28876953125,23.51767578124999],[-110.3626953125,23.604931640624997],[-110.62998046874999,23.7373046875],[-110.764892578125,23.877001953125003],[-110.895556640625,23.970263671875003],[-111.036181640625,24.105273437500003],[-111.4193359375,24.329003906249994],[-111.57822265624999,24.443017578124994],[-111.68291015625,24.555810546874994],[-111.750390625,24.554150390624997],[-111.802490234375,24.542529296875003],[-111.822265625,24.573388671874994],[-111.8251953125,24.631787109374997],[-111.84824218749999,24.670068359374994],[-112.07255859375,24.840039062499997],[-112.11904296875,24.934033203124997],[-112.12851562499999,25.043115234374994],[-112.07797851562499,25.323974609375],[-112.05576171874999,25.488232421874997],[-112.069873046875,25.57285156249999],[-112.09335937499999,25.584374999999994],[-112.11459960937499,25.63037109375],[-112.119775390625,25.765527343749994],[-112.173828125,25.91259765625],[-112.37724609375,26.213916015624996],[-112.52607421875,26.273486328124996],[-112.6583984375,26.316748046875],[-113.020751953125,26.583251953125],[-113.11923828124999,26.716503906249997],[-113.143212890625,26.792187499999997],[-113.155810546875,26.946240234374997],[-113.20576171875,26.856982421874996],[-113.272265625,26.790966796874997],[-113.42587890624999,26.795800781249994],[-113.59853515625,26.7212890625],[-113.70126953124999,26.791357421875],[-113.756640625,26.870849609375],[-113.840966796875,26.966503906249997],[-113.9359375,26.985253906249994],[-113.996484375,26.987695312499994],[-114.11005859375,27.10595703125],[-114.20185546875,27.143505859374997],[-114.3333984375,27.158007812499996],[-114.445263671875,27.218164062499994],[-114.4796875,27.283593749999994],[-114.498291015625,27.376220703125],[-114.53989257812499,27.431103515624997],[-114.715625,27.53955078125],[-114.85874023437499,27.6591796875],[-114.99350585937499,27.736035156249997],[-115.033203125,27.798876953124996],[-115.03647460937499,27.841845703124996],[-114.82353515625,27.829931640625],[-114.57001953125,27.783935546875],[-114.448486328125,27.796875],[-114.372705078125,27.841210937499994],[-114.3005859375,27.872998046874997],[-114.2890625,27.838574218749997],[-114.30224609375,27.775732421875],[-114.232666015625,27.718115234375],[-114.13720703125,27.671435546874996],[-114.0693359375,27.675683593749994],[-114.13505859375,27.726611328124996],[-114.17539062499999,27.83056640625],[-114.15732421874999,27.867968749999996],[-114.1583984375,27.919677734375],[-114.25263671875,27.908007812499996],[-114.265869140625,27.934472656249994],[-114.18525390625,28.01328125],[-114.092724609375,28.221337890624994],[-114.048486328125,28.426171874999994],[-114.1455078125,28.605419921874997],[-114.309228515625,28.729931640624997],[-114.664013671875,29.094580078125],[-114.875927734375,29.281884765624994],[-114.9373046875,29.351611328124996],[-114.99350585937499,29.384423828124994],[-115.16635742187499,29.42724609375],[-115.311181640625,29.531933593749997],[-115.56528320312499,29.680029296875],[-115.673828125,29.756396484374996],[-115.748681640625,29.935742187499997],[-115.80830078125,29.960205078125],[-115.78955078125,30.084179687499997],[-115.815625,30.303613281249994],[-115.858203125,30.359814453124997],[-115.99580078125,30.414453124999994],[-116.028564453125,30.56357421875],[-116.0353515625,30.705468749999994],[-116.062158203125,30.804150390624997],[-116.2962890625,30.970507812499996],[-116.30961914062499,31.050976562499997],[-116.30966796875,31.127343749999994],[-116.333447265625,31.202783203124994],[-116.45849609375,31.360986328124994],[-116.6095703125,31.499072265624996],[-116.66215820312499,31.564892578124997],[-116.66845703125,31.698632812499994],[-116.7220703125,31.734570312499997],[-116.70170898437499,31.74365234375],[-116.652099609375,31.74033203125],[-116.623876953125,31.758007812499997],[-116.62080078125,31.85107421875],[-116.847998046875,31.997363281249996],[-116.913671875,32.198535156249996],[-117.034765625,32.305029296875],[-117.063134765625,32.343603515625],[-117.128271484375,32.533349609374994],[-117.13046875,32.53974609375],[-117.13740234375,32.649169921875],[-117.183740234375,32.687890624999994],[-117.24345703124999,32.664013671875],[-117.270703125,32.80625],[-117.25576171875,32.873388671875],[-117.26298828124999,32.938867187499994],[-117.31884765625,33.100048828125],[-117.467431640625,33.2955078125],[-117.788525390625,33.538476562499994],[-117.952099609375,33.61962890625],[-118.080517578125,33.72216796875],[-118.16191406249999,33.75068359375],[-118.264404296875,33.758593749999996],[-118.294189453125,33.712304687499994],[-118.41044921874999,33.743945312499996],[-118.39296875,33.858300781249994],[-118.506201171875,34.017382812499996],[-118.598828125,34.035009765625],[-118.83203125,34.024462890624996],[-119.14375,34.11201171875],[-119.23583984375,34.164111328124996],[-119.26767578125,34.257421875],[-119.413671875,34.33857421875],[-119.6060546875,34.418017578124996],[-119.71318359374999,34.399658203125],[-119.85332031249999,34.411962890625],[-120.052978515625,34.469287109374996],[-120.16953125,34.476464843749994],[-120.396484375,34.4595703125],[-120.481201171875,34.471630859375],[-120.559814453125,34.543896484375],[-120.644677734375,34.579980468749994],[-120.626708984375,34.6689453125],[-120.63759765625,34.749365234375],[-120.62490234375,34.811962890625],[-120.663037109375,34.949267578124996],[-120.63359374999999,35.076464843749996],[-120.65908203125,35.122412109375],[-120.70703125,35.157666015625],[-120.857373046875,35.20966796875],[-120.88486328125,35.274951171874996],[-120.860302734375,35.3654296875],[-120.899609375,35.425097656249996],[-121.0228515625,35.480761718749996],[-121.137939453125,35.60712890625],[-121.283837890625,35.676318359374996],[-121.34384765625,35.792236328125],[-121.433740234375,35.8638671875],[-121.464990234375,35.927392578124994],[-121.66435546874999,36.154052734375],[-121.877392578125,36.3310546875],[-121.91015625,36.432910156249996],[-121.91865234375,36.57236328125],[-121.83515625,36.657470703125],[-121.789990234375,36.732275390625],[-121.79453125,36.8009765625],[-121.80742187499999,36.851220703124994],[-121.88066406249999,36.938916015625],[-122.164208984375,36.990966796875],[-122.394921875,37.20751953125],[-122.408447265625,37.37314453125],[-122.49921875,37.542626953124994],[-122.500439453125,37.652783203125],[-122.51420898437499,37.77197265625],[-122.44560546874999,37.797998046874994],[-122.38408203124999,37.788525390625],[-122.390283203125,37.741064453125],[-122.3697265625,37.655859375],[-122.297607421875,37.591845703124996],[-122.228662109375,37.563916015625],[-122.166015625,37.50166015625],[-122.11904296875,37.482812499999994],[-122.0705078125,37.478271484375],[-122.096533203125,37.518212890624994],[-122.12412109375,37.543798828125],[-122.158056640625,37.62646484375],[-122.22221679687499,37.73203125],[-122.29599609375,37.790332031249996],[-122.333447265625,37.89658203125],[-122.365478515625,37.921191406249996],[-122.38544921875,37.960595703124994],[-122.31425781249999,38.00732421875],[-122.217041015625,38.040625],[-122.08671874999999,38.049609374999996],[-121.71684570312499,38.034082031249994],[-121.6380859375,38.061279296875],[-121.572998046875,38.052392578124994],[-121.525341796875,38.055908203125],[-121.625732421875,38.083935546875],[-121.6822265625,38.0748046875],[-121.7486328125,38.080468749999994],[-121.88076171875,38.074999999999996],[-121.9341796875,38.086816406249994],[-121.993115234375,38.1201171875],[-122.031494140625,38.12353515625],[-122.153759765625,38.06552734375],[-122.20830078124999,38.072558593749996],[-122.337109375,38.135888671874994],[-122.39335937499999,38.144824218749996],[-122.48388671875,38.108837890625],[-122.49492187499999,37.953564453125],[-122.46689453125,37.838183593749996],[-122.521337890625,37.826416015625],[-122.5841796875,37.874072265624996],[-122.68071289062499,37.90234375],[-122.760400390625,37.945654296875],[-122.87294921875,38.02607421875],[-122.931982421875,38.055468749999996],[-122.998779296875,37.988623046875],[-123.00146484375,38.019287109375],[-122.9681640625,38.097021484375],[-122.97758789062499,38.227343749999996],[-122.876806640625,38.123339843749996],[-122.908154296875,38.196582031249996],[-122.9865234375,38.277099609375],[-123.04619140624999,38.305078124999994],[-123.12114257812499,38.449267578124996],[-123.28974609375,38.53583984375],[-123.4248046875,38.675634765625],[-123.701123046875,38.907275390624996],[-123.71953124999999,39.110986328124994],[-123.8203125,39.368408203125],[-123.777783203125,39.514941406249996],[-123.78349609374999,39.618701171874996],[-123.83291015625,39.77548828125],[-123.88447265625,39.860791015625],[-124.10849609375,40.094531249999996],[-124.32402343749999,40.251953125],[-124.35654296875,40.37109375],[-124.3716796875,40.4912109375],[-124.32451171874999,40.598095703125],[-124.28369140625,40.710546875],[-124.25390625,40.740283203124996],[-124.242333984375,40.727880859375],[-124.2505859375,40.703906249999996],[-124.22001953124999,40.696484375],[-124.208447265625,40.74609375],[-124.19023437499999,40.771728515625],[-124.222509765625,40.775048828124994],[-124.219189453125,40.79072265625],[-124.19990234375,40.822070312499996],[-124.13310546874999,40.969775390624996],[-124.1400390625,41.155908203124994],[-124.068505859375,41.384179687499994],[-124.071923828125,41.459521484374996],[-124.11767578125,41.621728515624994],[-124.163232421875,41.718994140625],[-124.24462890625,41.787939453125],[-124.208740234375,41.888574218749994],[-124.211669921875,41.984619140625],[-124.35527343749999,42.122900390625],[-124.410009765625,42.304345703124994],[-124.4205078125,42.381005859374994],[-124.40615234375,42.58369140625],[-124.443798828125,42.670214843749996],[-124.5396484375,42.812890624999994],[-124.49858398437499,42.936865234375],[-124.454443359375,43.012353515624994],[-124.34658203125,43.341650390625],[-124.32060546874999,43.368212890624996],[-124.27548828125,43.3673828125],[-124.196923828125,43.42333984375],[-124.233154296875,43.436376953125],[-124.28798828125,43.409716796874996],[-124.239208984375,43.5400390625],[-124.18437499999999,43.6515625],[-124.14873046874999,43.691748046875],[-124.13066406249999,44.0556640625],[-124.09916992187499,44.333789062499996],[-124.0474609375,44.42548828125],[-124.0654296875,44.520068359374996],[-124.04453125,44.648242187499996],[-124.0591796875,44.777734374999994],[-123.948583984375,45.400830078125],[-123.9630859375,45.47607421875],[-123.929345703125,45.576953124999996],[-123.96123046874999,45.84296875],[-123.947119140625,46.140576171875],[-123.975244140625,46.1783203125],[-123.98930664062499,46.219384765624994],[-123.96293945312499,46.225439453125],[-123.91166992187499,46.182177734374996],[-123.67363281249999,46.1826171875],[-123.521630859375,46.22265625],[-123.46635742187499,46.209423828125],[-123.402294921875,46.15498046875],[-123.32158203124999,46.143994140625],[-123.22060546875,46.153613281249996],[-123.251318359375,46.167285156249996],[-123.298681640625,46.170849609375],[-123.404736328125,46.220996093749996],[-123.46484375,46.27109375],[-123.650341796875,46.267724609374994],[-123.68837890625,46.299853515624996],[-123.895703125,46.2677734375],[-123.95976562499999,46.300732421875],[-124.07275390625,46.279443359374994],[-124.0451171875,46.372900390625],[-124.0501953125,46.490527343749996],[-124.0443359375,46.605078125],[-124.01640624999999,46.521386718749994],[-123.946142578125,46.432568359375],[-123.91240234374999,46.533349609374994],[-123.88916015625,46.660009765625],[-123.95771484375,46.70869140625],[-124.0716796875,46.744775390624994],[-124.112548828125,46.862695312499994],[-123.84287109375,46.963183593749996],[-123.98603515625,46.98447265625],[-124.042236328125,47.029687499999994],[-124.11171875,47.035205078124996],[-124.116796875,47.000341796875],[-124.1392578125,46.9546875],[-124.16357421875,47.01533203125],[-124.1705078125,47.086669921875],[-124.198828125,47.208544921874996],[-124.30927734375,47.404589843749996],[-124.37602539062499,47.658642578125],[-124.46005859375,47.784228515624996],[-124.62109375,47.904150390625],[-124.6630859375,47.97412109375],[-124.70166015625,48.151660156249996],[-124.67998046874999,48.285888671875],[-124.7099609375,48.38037109375],[-124.63261718749999,48.375048828124996],[-124.429052734375,48.30078125],[-124.17548828125,48.242431640625],[-124.098779296875,48.199999999999996],[-123.97578125,48.16845703125],[-123.29443359375,48.119531249999994],[-123.24990234375,48.12421875],[-123.161865234375,48.154541015625],[-123.1244140625,48.150927734374996],[-123.02421874999999,48.081591796874996],[-122.973876953125,48.073291015624996],[-122.90888671875,48.076904296875],[-122.86088867187499,48.0900390625],[-122.77861328124999,48.137597656249994],[-122.767529296875,48.120019531249994],[-122.76909179687499,48.075976562499996],[-122.73974609375,48.013232421874996],[-122.67949218749999,47.931787109374994],[-122.656640625,47.881152343749996],[-122.77841796875,47.738427734374994],[-122.8017578125,47.7353515625],[-122.80537109375,47.783642578125],[-122.82138671875,47.7931640625],[-123.050634765625,47.551953125],[-123.1310546875,47.437744140625],[-123.1390625,47.386083984375],[-123.136328125,47.355810546875],[-123.10419921875,47.348388671875],[-123.030908203125,47.360205078125],[-122.92216796874999,47.407666015625],[-122.91689453125,47.41796875],[-123.018212890625,47.40107421875],[-123.066796875,47.399658203125],[-123.06015625,47.453662109374996],[-123.04863281249999,47.479345703125],[-122.98247070312499,47.559374999999996],[-122.91289062499999,47.607373046875],[-122.8140625,47.658544921875],[-122.75712890624999,47.700537109375],[-122.71787109375,47.762109374999994],[-122.608154296875,47.835498046874996],[-122.587890625,47.85595703125],[-122.59267578125,47.916406249999994],[-122.58574218749999,47.927880859374994],[-122.5328125,47.919726562499996],[-122.51079101562499,47.815722656249996],[-122.52392578125,47.769335937499996],[-122.618408203125,47.712792968749994],[-122.63017578124999,47.692822265625],[-122.613623046875,47.615624999999994],[-122.628271484375,47.608154296875],[-122.664306640625,47.617236328124996],[-122.67548828125,47.612353515624996],[-122.58583984375,47.52841796875],[-122.55742187499999,47.463183593749996],[-122.553564453125,47.404931640624994],[-122.577880859375,47.2931640625],[-122.60390625,47.274609375],[-122.6486328125,47.2814453125],[-122.70771484375,47.31640625],[-122.7208984375,47.305126953125],[-122.7677734375,47.218359375],[-122.78330078125,47.225976562499994],[-122.81254882812499,47.328955078125],[-122.828466796875,47.336572265624994],[-122.91953125,47.2896484375],[-122.956201171875,47.244580078125],[-122.987646484375,47.17255859375],[-123.027587890625,47.138916015625],[-122.91416015625,47.131494140624994],[-122.811962890625,47.14599609375],[-122.7298828125,47.11181640625],[-122.70195312499999,47.110888671874996],[-122.62705078125,47.14423828125],[-122.604150390625,47.1669921875],[-122.5421875,47.2755859375],[-122.511083984375,47.29501953125],[-122.46484375,47.295800781249994],[-122.4201171875,47.312109375],[-122.35380859374999,47.37158203125],[-122.35112304687499,47.39521484375],[-122.375244140625,47.528369140624996],[-122.368359375,47.603906249999994],[-122.38076171875,47.627832031249994],[-122.410498046875,47.652636718749996],[-122.40678710937499,47.6767578125],[-122.383642578125,47.716455078124994],[-122.381982421875,47.752343749999994],[-122.401806640625,47.78427734375],[-122.39287109374999,47.820556640625],[-122.330322265625,47.8986328125],[-122.31845703125,47.933056640625],[-122.24199218749999,48.0107421875],[-122.26127929687499,48.042041015624996],[-122.31748046875,48.08017578125],[-122.352978515625,48.113818359374996],[-122.388671875,48.166357421875],[-122.41582031249999,48.183935546875],[-122.42470703125,48.175927734374994],[-122.38662109375,48.08994140625],[-122.394775390625,48.084130859374994],[-122.49404296875,48.13046875],[-122.5169921875,48.15966796875],[-122.529150390625,48.19931640625],[-122.52031249999999,48.2291015625],[-122.467041015625,48.25849609375],[-122.40336914062499,48.269189453124994],[-122.408544921875,48.293896484375],[-122.488427734375,48.374316406249996],[-122.541650390625,48.410937499999996],[-122.58256835937499,48.428662109375],[-122.63779296875,48.43330078125],[-122.6625,48.44638671875],[-122.66899414062499,48.465234374999994],[-122.65727539062499,48.489990234375],[-122.62797851562499,48.497900390625],[-122.54267578125,48.48798828125],[-122.49677734375,48.50556640625],[-122.50107421875,48.537499999999994],[-122.514794921875,48.55517578125],[-122.51274414062499,48.66943359375],[-122.5451171875,48.7623046875],[-122.56201171875,48.777978515624994],[-122.58017578125,48.779589843749996],[-122.59941406249999,48.76708984375],[-122.65302734375,48.7638671875],[-122.6859375,48.794287109375],[-122.72246093749999,48.85302734375],[-122.78876953125,48.993017578125],[-122.82670898437499,49.02841796875],[-122.924169921875,49.074658203125],[-122.96269531249999,49.074609374999994],[-123.002294921875,49.060888671875],[-123.02724609375,49.038525390625],[-123.04921875,48.993017578125],[-123.06328124999999,48.977734375],[-123.077294921875,48.980224609375],[-123.08642578125,48.993017578125],[-123.117626953125,49.05634765625],[-123.109326171875,49.084619140624994],[-123.077294921875,49.118359375],[-123.079541015625,49.130615234375],[-123.150146484375,49.121044921875],[-123.181884765625,49.1294921875],[-123.19633789062499,49.147705078125],[-123.191064453125,49.219531249999996],[-123.229443359375,49.260498046875],[-123.183935546875,49.277734374999994],[-123.06728515625,49.291552734374996],[-122.94765625,49.293261718749996],[-122.91298828125,49.323193359375],[-122.8791015625,49.39892578125],[-122.964453125,49.329345703125],[-123.01552734375,49.322167968749994],[-123.174267578125,49.348193359374996],[-123.2767578125,49.3439453125],[-123.29052734375,49.35947265625],[-123.286279296875,49.374951171875],[-123.2640625,49.390478515625],[-123.247705078125,49.443017578124994],[-123.222998046875,49.590478515624994],[-123.190673828125,49.644287109375],[-123.17958984375,49.67353515625],[-123.1875,49.680322265624994],[-123.32499999999999,49.577685546874996],[-123.336669921875,49.5451171875],[-123.322412109375,49.516992187499994],[-123.33564453125,49.4591796875],[-123.39897460937499,49.44189453125],[-123.436962890625,49.451318359374994],[-123.508203125,49.40244140625],[-123.53056640624999,49.397314453125],[-123.85893554687499,49.482861328125],[-123.891845703125,49.4947265625],[-123.948388671875,49.534716796874996],[-124.02861328124999,49.602880859375],[-124.05380859375,49.66171875],[-124.0240234375,49.711328124999994],[-123.992626953125,49.736181640625],[-123.95952148437499,49.736181640625],[-123.92275390625,49.717529296875],[-123.847119140625,49.636669921875],[-123.81718749999999,49.586572265624994],[-123.73906249999999,49.593554687499996],[-123.612744140625,49.657568359375],[-123.582470703125,49.68125],[-123.70830078124999,49.65693359375],[-123.7626953125,49.658496093749996],[-123.818017578125,49.68515625],[-123.8744140625,49.73681640625],[-123.90380859375,49.795458984374996],[-123.904248046875,49.98115234375],[-123.8849609375,50.017041015625],[-123.823828125,50.043701171875],[-123.78466796875,50.08798828125],[-123.7876953125,50.106738281249996],[-123.825439453125,50.14423828125],[-123.880126953125,50.173632812499996],[-123.93359375,50.188281249999996],[-123.9458984375,50.183935546875],[-123.863037109375,50.102587890624996],[-123.86572265625,50.072070312499996],[-123.957421875,49.9927734375],[-123.97138671875,49.969531249999996],[-123.972119140625,49.892041015625],[-123.98491210937499,49.8755859375],[-124.0587890625,49.853662109374994],[-124.1416015625,49.79267578125],[-124.28125,49.772119140624994],[-124.41259765625,49.778124999999996],[-124.483251953125,49.808203125],[-124.702294921875,49.957666015624994],[-124.782373046875,50.0201171875],[-124.78427734375,50.072802734374996],[-124.9341796875,50.258056640625],[-124.933349609375,50.297900390624996],[-124.985595703125,50.355615234374994],[-125.043603515625,50.36376953125],[-125.05668945312499,50.41865234375],[-124.93681640624999,50.537402343749996],[-124.862646484375,50.6373046875],[-124.854248046875,50.66865234375],[-124.85751953125,50.717333984374996],[-124.875439453125,50.825634765625],[-124.85986328125,50.872412109375],[-124.93359375,50.810595703124996],[-124.94926757812499,50.764697265624996],[-124.9310546875,50.718408203124994],[-124.942529296875,50.665673828124994],[-124.98540039062499,50.591943359374994],[-125.0587890625,50.5138671875],[-125.20986328125,50.476318359375],[-125.476318359375,50.49716796875],[-125.507177734375,50.507275390625],[-125.5259765625,50.534130859375],[-125.53935546874999,50.6490234375],[-125.55556640625,50.63486328125],[-125.58583984375,50.573632812499994],[-125.61015624999999,50.48603515625],[-125.64130859375,50.466210937499994],[-125.69755859374999,50.46455078125],[-125.7412109375,50.478564453124996],[-125.772412109375,50.508203124999994],[-125.839599609375,50.510644531249994],[-125.9650390625,50.487353515624996],[-126.02412109375,50.496728515624994],[-126.0943359375,50.497607421874996],[-126.236572265625,50.523291015625],[-126.4044921875,50.5298828125],[-126.449951171875,50.549707031249994],[-126.4474609375,50.587744140625],[-126.41611328125,50.606982421874996],[-126.238916015625,50.623828124999996],[-126.067236328125,50.664306640625],[-125.897607421875,50.684374999999996],[-125.90410156249999,50.704931640625],[-125.980712890625,50.711376953125],[-126.3703125,50.666748046875],[-126.49296874999999,50.672119140625],[-126.51435546875,50.67939453125],[-126.517333984375,50.724462890625],[-126.47221679687499,50.76728515625],[-126.397119140625,50.807080078125],[-126.374609375,50.837353515625],[-126.418212890625,50.8501953125],[-126.48818359375,50.841845703124996],[-126.52177734374999,50.866064453125],[-126.484619140625,50.960498046874996],[-126.517333984375,51.0568359375],[-126.562890625,50.965478515624994],[-126.631787109375,50.91513671875],[-126.960400390625,50.893701171874994],[-127.0140625,50.866796875],[-127.057568359375,50.867529296875],[-127.26748046875,50.916064453124996],[-127.35693359375,50.945556640625],[-127.44121093749999,50.989404296874994],[-127.59086914062499,51.087548828124994],[-127.70810546875,51.151171874999996],[-127.714306640625,51.26865234375],[-127.68916015625,51.34345703125],[-127.63271484375,51.427294921874996],[-127.419677734375,51.608056640625],[-127.34658203125,51.642382812499996],[-127.2806640625,51.654101562499996],[-126.968115234375,51.669921875],[-126.73540039062499,51.692626953125],[-126.69145507812499,51.703417968749996],[-127.03408203125,51.71669921875],[-127.338720703125,51.707373046875],[-127.442724609375,51.678955078125],[-127.57573242187499,51.562939453125],[-127.6095703125,51.514062499999994],[-127.644873046875,51.478466796875],[-127.668701171875,51.477587890624996],[-127.7140625,51.490185546875],[-127.7287109375,51.505517578124994],[-127.747509765625,51.5435546875],[-127.8189453125,51.60390625],[-127.850537109375,51.673193359375],[-127.869140625,51.775244140625],[-127.863232421875,51.82080078125],[-127.82998046875,51.87900390625],[-127.72763671875,51.993212890624996],[-127.8587890625,51.990283203124996],[-127.84331054687499,52.086474609374996],[-127.795361328125,52.191015625],[-127.67333984375,52.2529296875],[-127.54970703125,52.297607421875],[-127.437939453125,52.35615234375],[-127.24223632812499,52.3951171875],[-127.175732421875,52.31484375],[-127.007958984375,52.290673828125],[-126.95947265625,52.254541015625],[-126.9,52.188330078125],[-126.826318359375,52.125146484375],[-126.73857421874999,52.06494140625],[-126.71396484375,52.060693359375],[-126.75263671875,52.112353515624996],[-126.89521484375,52.22548828125],[-126.90141601562499,52.26533203125],[-126.93818359375,52.30859375],[-127.12705078125,52.370947265625],[-127.160595703125,52.394873046875],[-127.193994140625,52.457666015625],[-127.208251953125,52.4982421875],[-127.187109375,52.5376953125],[-126.99521484375,52.65791015625],[-126.951318359375,52.721240234374996],[-126.9513671875,52.751025390624996],[-126.96640625,52.78466796875],[-127.008251953125,52.842578124999996],[-127.01933593749999,52.84248046875],[-127.00639648437499,52.75458984375],[-127.01323242187499,52.719970703125],[-127.03486328125,52.68173828125],[-127.06621093749999,52.652685546875],[-127.107080078125,52.6328125],[-127.51923828125,52.35927734375],[-127.560302734375,52.343212890625],[-127.71337890625,52.318505859375],[-127.79189453125,52.289355468749996],[-127.834326171875,52.2509765625],[-127.902197265625,52.15087890625],[-127.99541015624999,51.950537109375],[-128.10224609375,51.788427734375],[-128.1935546875,51.998291015625],[-128.3576171875,52.15888671875],[-128.0375,52.318164062499996],[-128.029150390625,52.34248046875],[-128.060302734375,52.427539062499996],[-128.0515625,52.4533203125],[-128.0212890625,52.490673828125],[-127.94023437499999,52.545166015625],[-127.943359375,52.550732421875],[-128.038232421875,52.53115234375],[-128.183984375,52.40791015625],[-128.240966796875,52.36826171875],[-128.271533203125,52.36298828125],[-128.275146484375,52.435498046875],[-128.19677734375,52.623291015625],[-128.132373046875,52.805810546875],[-128.1087890625,52.858056640625],[-128.053271484375,52.910693359374996],[-128.10595703125,52.906884765625],[-128.3650390625,52.82578125],[-128.451953125,52.876611328125],[-128.52470703125,53.140673828124996],[-128.65234375,53.24384765625],[-128.8685546875,53.328125],[-129.080908203125,53.36728515625],[-129.129541015625,53.44228515625],[-129.17158203125,53.53359375],[-129.114453125,53.64111328125],[-129.021435546875,53.692138671875],[-128.935595703125,53.715185546875],[-128.85458984375,53.704541015625],[-128.850439453125,53.665185546875],[-128.905615234375,53.559326171875],[-128.833056640625,53.5494140625],[-128.542138671875,53.420654296875],[-128.47861328125,53.410302734375],[-128.358056640625,53.459814453125],[-128.291064453125,53.457861328125],[-128.13271484375,53.417773437499996],[-128.07919921875,53.369433593749996],[-127.92783203125,53.274707031249996],[-127.950048828125,53.329833984375],[-128.11513671875,53.445947265625],[-128.2072265625,53.483203124999996],[-128.369140625,53.490380859375],[-128.46962890625,53.4708984375],[-128.511767578125,53.4765625],[-128.600341796875,53.506103515625],[-128.675537109375,53.55458984375],[-128.75078125,53.66083984375],[-128.76787109375,53.710205078125],[-128.763671875,53.746874999999996],[-128.745947265625,53.78017578125],[-128.71474609375,53.810009765625],[-128.652880859375,53.831640625],[-128.56044921875,53.845068359375],[-128.53212890625,53.85810546875],[-128.65087890625,53.91884765625],[-128.70478515625,53.918603515625],[-128.890185546875,53.82978515625],[-128.92783203125,53.822802734374996],[-128.943994140625,53.8400390625],[-128.959375,53.841455078125],[-129.01396484375,53.7974609375],[-129.056396484375,53.777783203125],[-129.20810546875,53.6416015625],[-129.23173828125,53.576416015625],[-129.24033203125,53.479052734374996],[-129.257861328125,53.41796875],[-129.28427734375,53.3931640625],[-129.46240234375,53.34658203125],[-129.563720703125,53.25146484375],[-129.68671875,53.333544921874996],[-129.82177734375,53.412744140625],[-129.911865234375,53.5513671875],[-130.074365234375,53.575634765625],[-130.26328125,53.654150390625],[-130.33525390625,53.723925781249996],[-130.232861328125,53.867431640625],[-130.0859375,53.97578125],[-130.063525390625,54.1056640625],[-130.043310546875,54.133544921875],[-129.790771484375,54.165771484375],[-129.626025390625,54.230273437499996],[-129.794970703125,54.236132812499996],[-129.8984375,54.226367187499996],[-130.084228515625,54.181396484375],[-130.29033203125,54.270361328125],[-130.39677734375,54.35166015625],[-130.4302734375,54.42099609375],[-130.39345703125,54.479638671875],[-130.388623046875,54.539355468749996],[-130.37001953125,54.62001953125],[-130.35048828125,54.655322265624996],[-130.3072265625,54.70029296875],[-130.2189453125,54.730273437499996],[-130.140869140625,54.82275390625],[-130.108642578125,54.887255859374996],[-129.94853515625,55.0810546875],[-129.89013671875,55.1646484375],[-129.78076171875,55.28046875],[-129.56064453125,55.462548828125],[-129.630126953125,55.45224609375],[-129.666650390625,55.436669921875],[-129.701318359375,55.43857421875],[-129.7341796875,55.4580078125],[-129.765478515625,55.4982421875],[-129.795166015625,55.5595703125],[-129.8119140625,55.5326171875],[-129.815625,55.417578125],[-129.837744140625,55.319091796875],[-129.8771484375,55.250634765625],[-129.985205078125,55.111474609375],[-130.048486328125,55.057275390625],[-130.091796875,55.107763671875],[-130.0583984375,55.194775390625],[-129.995849609375,55.2640625],[-129.98515625,55.358837890625],[-130.04404296875,55.471923828125],[-130.07998046875,55.562890625],[-130.09296875,55.6318359375],[-130.094677734375,55.694775390625],[-130.085107421875,55.751708984375],[-130.0603515625,55.813720703125],[-130.0203125,55.88076171875],[-130.02509765625,55.888232421874996],[-130.074658203125,55.83603515625],[-130.111962890625,55.77978515625],[-130.137060546875,55.719384765625],[-130.146533203125,55.6544921875],[-130.1404296875,55.585009765624996],[-130.12041015625,55.5244140625],[-130.05947265625,55.4123046875],[-130.0392578125,55.343603515625],[-130.036572265625,55.297900390624996],[-130.171826171875,55.137011718749996],[-130.218505859375,55.06025390625],[-130.2140625,55.02587890625],[-130.20390625,54.947021484375],[-130.3494140625,54.81455078125],[-130.535498046875,54.74873046875],[-130.575341796875,54.769677734375],[-130.6158203125,54.79091796875],[-130.849609375,54.8076171875],[-130.934619140625,54.950390625],[-130.9796875,55.061181640625],[-131.0478515625,55.157666015625],[-131.0458984375,55.17958984375],[-130.983935546875,55.243945312499996],[-130.750390625,55.29697265625],[-130.748193359375,55.318017578125],[-130.83505859375,55.332080078124996],[-130.85595703125,55.355126953125],[-130.87978515625,55.459521484374996],[-130.873388671875,55.551123046875],[-130.879638671875,55.61181640625],[-130.9185546875,55.735986328125],[-130.977001953125,55.811962890625],[-131.127685546875,55.96015625],[-131.140380859375,55.997509765625],[-131.0740234375,56.044384765625],[-131.032763671875,56.0880859375],[-131.28759765625,56.012109375],[-131.63525390625,55.9322265625],[-131.7841796875,55.8765625],[-131.815478515625,55.85419921875],[-131.826171875,55.8353515625],[-131.799072265625,55.7828125],[-131.803271484375,55.765966796875],[-131.83359375,55.734912109374996],[-131.86943359375,55.64716796875],[-131.94501953125,55.554150390625],[-131.9833984375,55.535009765625],[-132.118994140625,55.569775390625],[-132.155419921875,55.599560546875],[-132.2234375,55.721044921875],[-132.20751953125,55.75341796875],[-132.157958984375,55.7806640625],[-132.090673828125,55.83955078125],[-132.005712890625,55.930078125],[-131.84384765625,56.160107421875],[-131.738037109375,56.16123046875],[-131.5513671875,56.206787109375],[-131.84423828125,56.229638671875],[-131.887890625,56.241650390625],[-131.927294921875,56.272998046874996],[-131.9623046875,56.323681640625],[-132.021923828125,56.380078125],[-132.133251953125,56.399853515625],[-132.18203125,56.420654296875],[-132.25556640625,56.489111328125],[-132.30498046875,56.519873046875],[-132.33203125,56.557910156249996],[-132.336669921875,56.603125],[-132.357666015625,56.62587890625],[-132.434423828125,56.634130859375],[-132.475927734375,56.649658203125],[-132.487109375,56.766406249999996],[-132.639501953125,56.796435546874996],[-132.701953125,56.822265625],[-132.802197265625,56.895166015625],[-132.8298828125,56.930615234375],[-132.838818359375,56.960205078125],[-132.8142578125,57.04072265625],[-132.824609375,57.055810546875],[-132.913427734375,57.0474609375],[-133.465869140625,57.172167968749996],[-133.436669921875,57.336865234375],[-133.53896484375,57.554150390625],[-133.64873046875,57.64228515625],[-133.626953125,57.676513671875],[-133.603369140625,57.694677734375],[-133.55419921875,57.695068359375],[-133.342333984375,57.631103515625],[-133.142822265625,57.555126953125],[-133.117041015625,57.566210937499996],[-133.4357421875,57.72705078125],[-133.515478515625,57.775146484375],[-133.535205078125,57.832958984375],[-133.53642578125,57.8638671875],[-133.5111328125,57.880126953125],[-133.212060546875,57.865673828125],[-133.1943359375,57.877685546875],[-133.497412109375,57.924658203125],[-133.559375,57.924462890625],[-133.625732421875,57.856982421874996],[-133.657275390625,57.841015625],[-133.722314453125,57.84423828125],[-133.744140625,57.85458984375],[-133.82138671875,57.936376953125],[-133.894482421875,57.99326171875],[-134.031103515625,58.072167968749994],[-134.05673828125,58.128369140625],[-134.063330078125,58.211083984374994],[-134.045263671875,58.2892578125],[-133.933642578125,58.46787109375],[-133.888525390625,58.49873046875],[-133.8767578125,58.5181640625],[-133.9111328125,58.515234375],[-133.94384765625,58.498291015625],[-134.0361328125,58.41533203125],[-134.131201171875,58.279345703125],[-134.208837890625,58.232958984375],[-134.2576171875,58.244189453125],[-134.3314453125,58.299609375],[-134.48544921875,58.3671875],[-134.663623046875,58.384716796875],[-134.776123046875,58.453857421875],[-134.942529296875,58.6462890625],[-134.964794921875,58.7421875],[-134.9861328125,58.765625],[-135.07646484375,58.796777343749994],[-135.1318359375,58.84287109375],[-135.2173828125,59.076611328125],[-135.330322265625,59.2390625],[-135.358447265625,59.32490234375],[-135.34892578125,59.410058593749994],[-135.363671875,59.41943359375],[-135.4025390625,59.353076171875],[-135.412744140625,59.31845703125],[-135.48408203125,59.30869140625],[-135.416943359375,59.24150390625],[-135.400146484375,59.207910156249994],[-135.433740234375,59.210693359375],[-135.50234375,59.202294921874994],[-135.3861328125,59.087548828124994],[-135.33408203125,58.909619140625],[-135.25703125,58.777734374999994],[-135.207080078125,58.6708984375],[-135.1845703125,58.589746093749994],[-135.151904296875,58.51220703125],[-135.06201171875,58.340869140625],[-135.04970703125,58.306787109374994],[-135.060498046875,58.27890625],[-135.090234375,58.245849609375],[-135.141552734375,58.2333984375],[-135.3025390625,58.255908203125],[-135.363134765625,58.298291015625],[-135.449951171875,58.376123046874994],[-135.57177734375,58.412060546875],[-135.8734375,58.39423828125],[-135.89755859375,58.4001953125],[-135.896337890625,58.463818359375],[-135.86171875,58.577050781249994],[-135.88955078125,58.622705078124994],[-136.0455078125,58.789111328125],[-136.043115234375,58.821630859375],[-135.8263671875,58.89794921875],[-135.931689453125,58.903759765625],[-136.0166015625,58.873974609375],[-136.049365234375,58.893212890624994],[-136.100634765625,58.999853515625],[-136.13369140625,59.03955078125],[-136.150048828125,59.048095703125],[-136.15947265625,58.94677734375],[-136.12353515625,58.893457031249994],[-136.118408203125,58.86259765625],[-136.124169921875,58.81962890625],[-136.146826171875,58.788818359375],[-136.186328125,58.770166015624994],[-136.225830078125,58.765478515625],[-136.2990234375,58.7869140625],[-136.3802734375,58.827294921874994],[-136.451171875,58.846337890624994],[-136.477587890625,58.8625],[-136.511181640625,58.907080078125],[-136.5662109375,58.94091796875],[-136.83095703125,58.983837890625],[-136.989013671875,59.03447265625],[-137.0021484375,59.021142578124994],[-136.95283203125,58.966943359374994],[-136.948046875,58.934912109375],[-136.987890625,58.925146484375],[-137.059033203125,58.87373046875],[-137.03837890625,58.866650390625],[-136.963037109375,58.883544921875],[-136.8791015625,58.88154296875],[-136.74013671875,58.8501953125],[-136.613916015625,58.80927734375],[-136.568212890625,58.786328125],[-136.54931640625,58.752392578125],[-136.53349609375,58.740234375],[-136.410107421875,58.700634765625],[-136.40419921875,58.67978515625],[-136.483740234375,58.61767578125],[-136.319873046875,58.624462890625],[-136.224609375,58.60224609375],[-136.102880859375,58.506298828125],[-136.061474609375,58.452734375],[-136.05595703125,58.384179687499994],[-136.08125,58.364208984375],[-136.129638671875,58.350390625],[-136.46240234375,58.327978515625],[-136.5826171875,58.24521484375],[-136.607421875,58.243994140625],[-136.69892578125,58.266455078125],[-136.864990234375,58.332421874999994],[-137.071923828125,58.39521484375],[-137.543994140625,58.581201171874994],[-137.55693359375,58.58994140625],[-137.564599609375,58.625878906249994],[-137.5970703125,58.64423828125],[-137.661083984375,58.659912109375],[-137.75,58.707080078125],[-137.863720703125,58.785546874999994],[-137.933984375,58.846875],[-137.960888671875,58.891015624999994],[-138.026904296875,58.941455078125],[-138.24072265625,59.046826171875],[-138.352490234375,59.087304687499994],[-138.451318359375,59.110107421875],[-138.537158203125,59.115087890625],[-138.560302734375,59.129150390625],[-138.520703125,59.152246093749994],[-138.514892578125,59.165917968749994],[-138.70419921875,59.187548828125],[-138.884326171875,59.2369140625],[-139.340966796875,59.375634765624994],[-139.576806640625,59.462451171875],[-139.714453125,59.503955078125],[-139.773291015625,59.527294921875],[-139.79912109375,59.546240234375],[-139.766064453125,59.566064453124994],[-139.67412109375,59.586816406249994],[-139.61162109375,59.610302734375],[-139.513037109375,59.698095703125],[-139.50556640625,59.726318359375],[-139.55849609375,59.790185546874994],[-139.582177734375,59.848291015624994],[-139.58115234375,59.880517578124994],[-139.569140625,59.912353515625],[-139.5541015625,59.93330078125],[-139.5123046875,59.953564453125],[-139.4830078125,59.963769531249994],[-139.446875,59.9568359375],[-139.33095703125,59.877001953125],[-139.3146484375,59.84794921875],[-139.32001953125,59.738720703125],[-139.28671875,59.6109375],[-139.27626953125,59.620361328125],[-139.265625,59.66259765625],[-139.258740234375,59.743310546874994],[-139.245703125,59.782080078125],[-139.22080078125,59.819873046875],[-139.178857421875,59.83984375],[-139.048291015625,59.82822265625],[-138.9880859375,59.835009765625],[-139.24248046875,59.8927734375],[-139.4010461029163,60.0],[-94.77240112111231,60.0],[-94.785791015625,59.9533203125]]],[[[-139.611669921875,59.9734375],[-139.8501953125,59.830712890624994],[-139.91689453125,59.8056640625],[-140.216748046875,59.72666015625],[-140.41982421875,59.7107421875],[-140.648388671875,59.723193359375],[-140.8431640625,59.748876953125],[-141.33193359375,59.873779296875],[-141.40830078125,59.902783203125],[-141.29462890625,59.980029296875],[-141.29074795989374,60.0],[-139.55524689335152,60.0],[-139.611669921875,59.9734375]]],[[[-141.53017578125,59.994775390624994],[-141.670166015625,59.969873046874994],[-141.87580213883692,60.0],[-141.51256729579205,60.0],[-141.53017578125,59.994775390624994]]],[[[-148.430712890625,59.989111328125],[-148.465087890625,59.97470703125],[-148.5060546875,59.98896484375],[-148.5423828125,59.98740234375],[-148.574072265625,59.970068359375],[-148.643603515625,59.9568359375],[-148.75087890625,59.94775390625],[-148.842724609375,59.951220703125],[-149.004248046875,59.97998046875],[-149.06932358339608,60.0],[-148.4227163972091,60.0],[-148.430712890625,59.989111328125]]],[[[-149.2666015625,59.998291015625],[-149.27086046006946,60.0],[-149.25956177942962,60.0],[-149.2666015625,59.998291015625]]],[[[-149.459716796875,59.966259765625],[-149.549169921875,59.8943359375],[-149.598046875,59.770458984375],[-149.612890625,59.766845703125],[-149.629638671875,59.78466796875],[-149.68466796875,59.8953125],[-149.7138671875,59.919580078124994],[-149.794775390625,59.855810546875],[-149.803662109375,59.83271484375],[-149.782470703125,59.750341796875],[-149.80126953125,59.737939453124994],[-149.964990234375,59.782275390625],[-150.005322265625,59.784423828125],[-150.015966796875,59.776953125],[-149.96015625,59.713037109374994],[-149.96650390625,59.6900390625],[-150.198046875,59.566552734374994],[-150.25849609375,59.570947265624994],[-150.296484375,59.583251953125],[-150.338134765625,59.58134765625],[-150.4853515625,59.535302734374994],[-150.5259765625,59.5373046875],[-150.58154296875,59.564599609374994],[-150.607373046875,59.563378906249994],[-150.621142578125,59.535058593749994],[-150.622900390625,59.479638671874994],[-150.67744140625,59.426953125],[-150.852783203125,59.341845703125],[-150.89931640625,59.302685546875],[-150.934521484375,59.24912109375],[-150.9607421875,59.243994140625],[-151.06357421875,59.27841796875],[-151.182763671875,59.30078125],[-151.19921875,59.2896484375],[-151.163037109375,59.25693359375],[-151.170703125,59.2369140625],[-151.222265625,59.229394531249994],[-151.2875,59.232324218749994],[-151.366357421875,59.24560546875],[-151.477001953125,59.23056640625],[-151.619384765625,59.1873046875],[-151.73818359375,59.188525390625],[-151.903857421875,59.259765625],[-151.94951171875,59.265087890625],[-151.9640625,59.285107421875],[-151.931689453125,59.342724609375],[-151.884619140625,59.386328125],[-151.849951171875,59.40634765625],[-151.692578125,59.46220703125],[-151.5126953125,59.48271484375],[-151.399609375,59.51630859375],[-151.262109375,59.585595703124994],[-151.189404296875,59.6376953125],[-151.046484375,59.771826171875],[-151.05732421875,59.782177734375],[-151.089453125,59.789404296875],[-151.403662109375,59.662255859374994],[-151.45009765625,59.650390625],[-151.51259765625,59.651269531249994],[-151.763818359375,59.7],[-151.816943359375,59.7208984375],[-151.85322265625,59.782080078125],[-151.783447265625,59.921142578125],[-151.734521484375,59.988330078125],[-151.7207197688618,60.0],[-149.43303736997456,60.0],[-149.459716796875,59.966259765625]]],[[[-152.660107421875,59.997216796874994],[-152.75947265625,59.9208984375],[-152.85693359375,59.898095703124994],[-153.1060546875,59.875048828125],[-153.186376953125,59.856884765625],[-153.21123046875,59.842724609375],[-153.040087890625,59.810498046875],[-153.024609375,59.793994140625],[-153.04814453125,59.730029296875],[-153.093603515625,59.709130859374994],[-153.236181640625,59.670947265625],[-153.364013671875,59.65986328125],[-153.38349609375,59.6671875],[-153.359619140625,59.71748046875],[-153.366455078125,59.729833984375],[-153.414404296875,59.740136718749994],[-153.4826171875,59.720947265625],[-153.6525390625,59.647021484375],[-153.670703125,59.634814453125],[-153.609375,59.6150390625],[-153.622265625,59.598486328125],[-153.71435546875,59.545263671875],[-153.752587890625,59.50986328125],[-153.81416015625,59.47373046875],[-154.088330078125,59.36328125],[-154.06748046875,59.336376953125],[-154.138818359375,59.240136718749994],[-154.1783203125,59.15556640625],[-154.129833984375,59.119873046875],[-153.899560546875,59.078027343749994],[-153.787939453125,59.067919921875],[-153.656396484375,59.038671875],[-153.41826171875,58.9599609375],[-153.33896484375,58.908544921875],[-153.32705078125,58.884326171875],[-153.334423828125,58.857861328125],[-153.362939453125,58.822216796875],[-153.43759765625,58.754833984375],[-153.617333984375,58.654736328125],[-153.698583984375,58.626367187499994],[-153.821484375,58.6041015625],[-153.861962890625,58.587841796875],[-154.019873046875,58.49296875],[-154.062451171875,58.441748046875],[-154.055712890625,58.39716796875],[-154.085888671875,58.3658203125],[-154.289013671875,58.304345703124994],[-154.281787109375,58.29345703125],[-154.208056640625,58.28876953125],[-154.235107421875,58.234619140625],[-154.247021484375,58.159423828125],[-154.282275390625,58.14677734375],[-154.409228515625,58.147314453125],[-154.57060546875,58.118066406249994],[-154.58193359375,58.109765624999994],[-154.584912109375,58.0556640625],[-155.006884765625,58.016064453125],[-155.099267578125,57.913330078125],[-155.14736328125,57.8818359375],[-155.312744140625,57.80712890625],[-155.41396484375,57.77705078125],[-155.529638671875,57.75888671875],[-155.590234375,57.73359375],[-155.595849609375,57.70107421875],[-155.6287109375,57.673046875],[-155.728955078125,57.626611328125],[-155.777978515625,57.568212890625],[-155.813671875,57.559033203125],[-156.0001953125,57.544970703124996],[-156.037353515625,57.526513671875],[-156.05537109375,57.447558593749996],[-156.089892578125,57.445068359375],[-156.156005859375,57.463427734374996],[-156.2421875,57.44921875],[-156.435888671875,57.3599609375],[-156.47841796875,57.327880859375],[-156.473681640625,57.310693359375],[-156.4435546875,57.29365234375],[-156.39765625,57.240576171875],[-156.40048828125,57.204833984375],[-156.475146484375,57.10517578125],[-156.501318359375,57.089794921875],[-156.592041015625,57.065087890625],[-156.62900390625,57.0099609375],[-156.712646484375,57.016064453125],[-156.7798828125,57.005615234375],[-156.823876953125,56.96884765625],[-156.871728515625,56.94765625],[-156.9234375,56.94208984375],[-156.988427734375,56.912939453125],[-157.06669921875,56.860205078125],[-157.13916015625,56.8265625],[-157.20576171875,56.812060546874996],[-157.270556640625,56.80849609375],[-157.33359375,56.815869140625],[-157.390234375,56.809814453125],[-157.440576171875,56.790332031249996],[-157.4896484375,56.759765625],[-157.5287109375,56.673193359375],[-157.578369140625,56.63447265625],[-157.609765625,56.627685546875],[-157.673876953125,56.633447265625],[-157.770703125,56.651660156249996],[-157.869091796875,56.64521484375],[-158.027880859375,56.592138671875],[-158.0783203125,56.552050781249996],[-157.978271484375,56.5431640625],[-157.9287109375,56.531689453125],[-157.92998046875,56.520458984375],[-157.982177734375,56.509570312499996],[-158.070947265625,56.5103515625],[-158.124365234375,56.501025390624996],[-158.189404296875,56.478173828125],[-158.352490234375,56.453515625],[-158.414404296875,56.435839843749996],[-158.53740234375,56.33544921875],[-158.5521484375,56.3126953125],[-158.536376953125,56.307666015624996],[-158.467333984375,56.31826171875],[-158.3861328125,56.301562499999996],[-158.343994140625,56.280322265624996],[-158.3169921875,56.254150390625],[-158.29140625,56.203662109374996],[-158.275634765625,56.196240234375],[-158.4318359375,56.111474609375],[-158.476123046875,56.075488281249996],[-158.5046875,56.062109375],[-158.52333984375,56.0724609375],[-158.54267578125,56.166845703125],[-158.554443359375,56.182861328125],[-158.591162109375,56.184521484375],[-158.6267578125,56.1546875],[-158.7048828125,56.043115234375],[-158.78984375,55.9869140625],[-159.429443359375,55.842724609375],[-159.5232421875,55.810009765625],[-159.54130859375,55.748486328125],[-159.567626953125,55.69521484375],[-159.61005859375,55.652783203125],[-159.65966796875,55.625927734375],[-159.670263671875,55.64501953125],[-159.66533203125,55.794873046875],[-159.678515625,55.824658203125],[-159.743017578125,55.84375],[-159.77138671875,55.841113281249996],[-159.810400390625,55.83271484375],[-159.874365234375,55.80029296875],[-159.913525390625,55.7921875],[-159.9623046875,55.794873046875],[-160.0,55.780430906057774],[-160.0,56.45907286627758],[-159.78505859375,56.56162109375],[-159.28310546875,56.68857421875],[-159.159033203125,56.770068359374996],[-158.990380859375,56.86005859375],[-158.918017578125,56.882177734375],[-158.918017578125,56.847412109375],[-158.894873046875,56.81640625],[-158.782080078125,56.795751953125],[-158.708837890625,56.78857421875],[-158.675146484375,56.794873046875],[-158.66591796875,56.827929687499996],[-158.6810546875,56.887744140624996],[-158.684814453125,56.94423828125],[-158.67724609375,56.997363281249996],[-158.660791015625,57.039404296875],[-158.585595703125,57.114062499999996],[-158.47373046875,57.199072265625],[-158.320947265625,57.297900390624996],[-158.22451171875,57.34267578125],[-158.133544921875,57.36640625],[-158.045703125,57.409472656249996],[-157.8943359375,57.511376953125],[-157.845751953125,57.528076171875],[-157.73720703125,57.548144531249996],[-157.697412109375,57.5392578125],[-157.6740234375,57.513720703124996],[-157.645556640625,57.497802734375],[-157.535302734375,57.483447265624996],[-157.4619140625,57.506201171875],[-157.473876953125,57.518212890625],[-157.53349609375,57.52587890625],[-157.571630859375,57.540673828125],[-157.607568359375,57.60146484375],[-157.6806640625,57.6380859375],[-157.697216796875,57.679443359375],[-157.683984375,57.743896484375],[-157.62119140625,57.89521484375],[-157.610888671875,58.050830078125],[-157.555029296875,58.13994140625],[-157.44267578125,58.17216796875],[-157.193701171875,58.194189453125],[-157.339404296875,58.234521484374994],[-157.393603515625,58.234814453125],[-157.48837890625,58.2537109375],[-157.5244140625,58.350732421874994],[-157.5236328125,58.421337890625],[-157.460888671875,58.50302734375],[-157.228857421875,58.64091796875],[-156.974658203125,58.736328125],[-157.009033203125,58.744189453125],[-157.040478515625,58.77255859375],[-156.9232421875,58.963671875],[-156.80888671875,59.13427734375],[-156.96337890625,58.9888671875],[-157.142041015625,58.87763671875],[-157.66572265625,58.748486328125],[-158.021923828125,58.640185546875],[-158.19091796875,58.6142578125],[-158.302587890625,58.641796875],[-158.3896484375,58.745654296875],[-158.439306640625,58.782617187499994],[-158.503173828125,58.850341796875],[-158.47626953125,58.938378906249994],[-158.425634765625,58.99931640625],[-158.314501953125,59.009326171875],[-158.189208984375,58.979931640625],[-158.080517578125,58.977441406249994],[-158.22060546875,59.037499999999994],[-158.422802734375,59.08984375],[-158.514404296875,59.0728515625],[-158.58447265625,58.98779296875],[-158.678271484375,58.92939453125],[-158.760595703125,58.950097656249994],[-158.80947265625,58.973876953125],[-158.775537109375,58.9025390625],[-158.837744140625,58.7939453125],[-158.861376953125,58.71875],[-158.772119140625,58.5203125],[-158.788623046875,58.440966796875],[-158.95068359375,58.404541015625],[-159.082666015625,58.469775390625],[-159.358203125,58.7212890625],[-159.45419921875,58.792919921875],[-159.670263671875,58.9111328125],[-159.741455078125,58.894287109375],[-159.8322265625,58.835986328125],[-159.92021484375,58.819873046875],[-160.0,58.84941316986565],[-160.0,60.0],[-152.6581074783614,60.0],[-152.660107421875,59.997216796874994]]]]}},{"type":"Feature","properties":{},"geometry":{"type":"Polygon","coordinates":[[[-85.947216796875,16.403613281250003],[-85.96098632812499,16.4296875],[-85.92421875,16.483300781249994],[-85.87822265624999,16.513964843750003],[-85.83378906249999,16.510888671874994],[-85.84443359375,16.487744140624997],[-85.87094726562499,16.46152343749999],[-85.947216796875,16.403613281250003]]]}},{"type":"Feature","properties":{},"geometry":{"type":"Polygon","coordinates":[[[-86.6962890625,21.19101562499999],[-86.713623046875,21.19677734375],[-86.73637695312499,21.233300781249994],[-86.752880859375,21.27880859375],[-86.73906249999999,21.279980468749997],[-86.72690429687499,21.264306640624994],[-86.714013671875,21.239306640625003],[-86.6962890625,21.19101562499999]]]}}]}